path,width,height,sha256
assets/minecraft/textures/block/acacia_door_bottom.png,16,16,1c7e2c35cbf6d4096f751a8f23e6a74cb4124f7f3ae0485d6e7121c19404a418
assets/minecraft/textures/block/acacia_door_top.png,16,16,2067bfc97a4c4325d12798cf343dc7a6229fdf37b3f97be15e2c485056f71ec7
assets/minecraft/textures/block/acacia_leaves.png,16,16,dfc76934b844e8bf64d6433b813733a32d74b83bcd31583782a6af5f830c0f16
assets/minecraft/textures/block/acacia_log.png,16,16,6e08d316d8dd4335e420f05cc905a05262c4a291bc2ccd4700cc36cd675f45d7
assets/minecraft/textures/block/acacia_log_top.png,16,16,756441c8df09e4ee7dc1fa65bbed41c2ebba625dc0a8e0b0a874809ae1c39dc3
assets/minecraft/textures/block/acacia_planks.png,16,16,ada1d92bd15f6b1418f2b7648c5af377da8fed68d2ab02c376286821b8ea6301
assets/minecraft/textures/block/acacia_sapling.png,16,16,57ccda475b39e3a7819c00b0e36ac6ca672a6a1ae0e091e43f608188fe76f42b
assets/minecraft/textures/block/acacia_trapdoor.png,16,16,9d8aebedce220ba31aea5b2c67e6180d4eec1e7dbabefc334d341e0a49ee668b
assets/minecraft/textures/block/activator_rail.png,16,16,7e2bafa0c6f2a46f611ebf500d49aea18e3f40f633f0b30a436bcfe2d0f0d793
assets/minecraft/textures/block/activator_rail_on.png,16,16,4e6ae1bd1686864a99f09e11e6979057fc7bf71ccac439ae8aa19f9d0e0fcb96
assets/minecraft/textures/block/allium.png,16,16,e821156d752c1cde84a71db59cdd25c308747c607c0759b72ba36a68e959ab7d
assets/minecraft/textures/block/amethyst_block.png,16,16,dfb74da859b6945a662cd9abe60a0ba2e68c53c362dd552dc1008f99cc2fb10a
assets/minecraft/textures/block/amethyst_cluster.png,16,16,a268cc32cb873e4769f95b2e626aec47369425081780ab9abff87a37e9795126
assets/minecraft/textures/block/ancient_debris_side.png,16,16,cefe8b5da2f1beaccb20fd974f08d1186a9364c3a6f9f639898f3a7c08019b67
assets/minecraft/textures/block/ancient_debris_top.png,16,16,2b5ce1d048831b0512a5e843cdcfc7fdcbe0867ff1ab5d335befe071f6c890ae
assets/minecraft/textures/block/andesite.png,16,16,b59675c9736897e6a97f9daa2e60903cb52ae3be0ab2fbd34654a2f06faa2e50
assets/minecraft/textures/block/anvil.png,16,16,1c0f11ec9badf32b7a25a7bd2af1eeed3f577d8ce5cb1e35bdc37cc9cafaf481
assets/minecraft/textures/block/anvil_top.png,16,16,5e8c0fd8d30619f2c8802525fdda6e4c1320b18a0d758abbeba01a4725364569
assets/minecraft/textures/block/attached_melon_stem.png,16,16,adfee001219fef6dd3e382adb9ecc84a59dbd8b92198042cf23b7cdf2bba54ce
assets/minecraft/textures/block/attached_pumpkin_stem.png,16,16,61f1257519f6655e1f08a9d1f13aff609e3834b8476c1b23b76f0c5feccfc04f
assets/minecraft/textures/block/azalea_leaves.png,16,16,8657b620bc742543174566cbd89871de223d572e8787e7d3503dbd14e4a31da2
assets/minecraft/textures/block/azalea_plant.png,16,16,563700c01652d1d96a909ac09f478427c0c929eb62e8cc8e908eadab5cfc1db2
assets/minecraft/textures/block/azalea_side.png,16,16,65636bbe84d320fe8c8226960f4a89a9350234d346f1d53b50d37b40e653cdb2
assets/minecraft/textures/block/azalea_top.png,16,16,d2368e30592036266c8070f4444ef6acb8727a2934bb5e490affe8ad55d85d2c
assets/minecraft/textures/block/azure_bluet.png,16,16,193ecc37de69c45dad499a1703391fd71e137ae0fc3cc34c9352d9b0ec748f96
assets/minecraft/textures/block/bamboo_block.png,16,16,f8a14eeabd00c36c66df4683c09655ebf8b58359cb2067a649881a861cae1b64
assets/minecraft/textures/block/bamboo_block_top.png,16,16,4aed94567926b3010f623d7174ed7a3bcd52077fedad68b7c9271965fdb8949e
assets/minecraft/textures/block/bamboo_door_bottom.png,16,16,e1e9d33fde2242543ccc6bd880fc73b11e8d9c8cec40791b688a4aaafb0952ca
assets/minecraft/textures/block/bamboo_door_top.png,16,16,c23a0f91b6adc9cb210d793067c523b0c50275657a5cd3a84d54a2ad121e63d3
assets/minecraft/textures/block/bamboo_fence.png,16,16,efc3f7dd68d851281326bbdce999dbb7f0aa53455aaf9e616043e01f328d2c54
assets/minecraft/textures/block/bamboo_fence_gate.png,16,16,ed105f88aa5b647a1134be33654fc77a04661424c782a0d9d0a61467f8b53884
assets/minecraft/textures/block/bamboo_fence_gate_particle.png,16,16,d376b30ff2a98a0c53b152140ca76f0cac799e17a5947ccd812abe2654f54368
assets/minecraft/textures/block/bamboo_fence_particle.png,16,16,d376b30ff2a98a0c53b152140ca76f0cac799e17a5947ccd812abe2654f54368
assets/minecraft/textures/block/bamboo_large_leaves.png,16,16,0d4b0c5be4e1222ee49043f9640747fc64039ec9163dd5c82f9cb25d52420689
assets/minecraft/textures/block/bamboo_mosaic.png,16,16,2bdbd06e3639f80aa52f19eb3076b82c316e0d9967377ab505dd13bd3755b016
assets/minecraft/textures/block/bamboo_planks.png,16,16,8c4f1856082032dfd73c2a508306a804bb01a798c357e356b47efcbf350a24cb
assets/minecraft/textures/block/bamboo_singleleaf.png,16,16,b5f0ad89435ba4abbdbbc8109a5a7f7c59aeffa46404942244381182bc257501
assets/minecraft/textures/block/bamboo_small_leaves.png,16,16,5d83547f3e4b8e394f4821f90bd7fde68a83cbc34fa6d2ae6aff20369386309b
assets/minecraft/textures/block/bamboo_stage0.png,16,16,eab8e9c8a5ac9794b18dde32f0afd3c616a54292560943273b9a3923121eb6d1
assets/minecraft/textures/block/bamboo_stalk.png,16,16,063233772086663addc770aa733d8ac6a01256afa231476fbeb7ec8acb5e723d
assets/minecraft/textures/block/bamboo_trapdoor.png,16,16,c1d574b8dc784afca765c77fc9c48c782adba163639f320271d24edd58aa6a5d
assets/minecraft/textures/block/barrel_bottom.png,16,16,8ccdd7e1a4d80667bd1822adce69297cc7749a95e15c585906921820df57d650
assets/minecraft/textures/block/barrel_side.png,16,16,ae51d8f37e224b82a578a52c63c37fd854383ed56882494d18f978b716f9fc30
assets/minecraft/textures/block/barrel_top.png,16,16,2a3f0b53fb90f30a7d3481deff7bfd787880a37f0b0f8174e2bad0edbd64be12
assets/minecraft/textures/block/barrel_top_open.png,16,16,4feaf06bc0989013cf5b0d528b424020eafdc65510e62d512be6cf9fcfe65fc1
assets/minecraft/textures/block/basalt_side.png,16,16,9ddba468118bd72d79e4e2b8ec74f010ac5a20f44fd3f4c9ae03b92fa8871414
assets/minecraft/textures/block/basalt_top.png,16,16,5b3579bc93b2ee90652000bdd66a8fbd3d49d5e211dace0c8d9dbe011e41f1a1
assets/minecraft/textures/block/beacon.png,16,16,3ae9b5530a0d5396e41e73103ac9997c169776e68c92065bd16a68cd039ddf8d
assets/minecraft/textures/block/bedrock.png,16,16,34438cb1f99a9677572e488234a158b1f27a66cfe99d91bce8a31758664350c3
assets/minecraft/textures/block/bee_nest_bottom.png,16,16,7706190b2b3ece6896668749d82b09ae74b89ffb2593fca90cc292c2be2dad15
assets/minecraft/textures/block/bee_nest_front.png,16,16,53a7bda6cf8c8a21deea94a43df0ea35b13e0d67fc00284a446d7a60cbe88468
assets/minecraft/textures/block/bee_nest_front_honey.png,16,16,5bc92fa0c42d151da3003d330cd805614edb7667cf4500d2cdfd0b0ad7c8bdc2
assets/minecraft/textures/block/bee_nest_side.png,16,16,52b26fb16110d9b32c3e6a16394d8761c949504b1de16a65216ca1ce9270ce77
assets/minecraft/textures/block/bee_nest_top.png,16,16,f8d286caa62e705d69c4d23b788c9422d922b537f8f42dac146eac4dda0c649d
assets/minecraft/textures/block/beehive_end.png,16,16,90d541e791a5b8c342e90553b7639217ae16b2b1343ff52dede1e86a60732856
assets/minecraft/textures/block/beehive_front.png,16,16,3331c6504bebb7a841d23ae0a2e2208bfedcfa56eaa18b831f57e90a92f1df64
assets/minecraft/textures/block/beehive_front_honey.png,16,16,fc6a54f806e3877aaee1d1b61dd506874cfa5fd15806bb6137d02fd78e4ca4d4
assets/minecraft/textures/block/beehive_side.png,16,16,b9a6297a32e45984744b887726955ede066fee4bf5f67465e1595e9d618fc6ab
assets/minecraft/textures/block/beetroots_stage0.png,16,16,eaf394710b9f274b63054914aa1ebd8b0bf73b69f2b160f4a00581f5727d56aa
assets/minecraft/textures/block/beetroots_stage1.png,16,16,539314c990c72c644501683ad1fed92da0c76e70f5974cec86451cde34020ebf
assets/minecraft/textures/block/beetroots_stage2.png,16,16,c060ac2227b3476fe372059838ddb6d93f075a78db5690fc1a516bbb27c69432
assets/minecraft/textures/block/beetroots_stage3.png,16,16,f5fb95065ee6377bc3eced47e53ea1741c4dca3e5b5a2b505b9a119649897143
assets/minecraft/textures/block/bell_bottom.png,16,16,7bc84d698778363154c0ae8a3ff74aba1d556867ea64498bb71e5da0f0c10083
assets/minecraft/textures/block/bell_side.png,16,16,88f8c2eaf877e205e5f0f873512da39475c2852051e23d1c53dc9f5bf071fbf5
assets/minecraft/textures/block/bell_top.png,16,16,60af336a9ba13e8a1f71323131132d8cfb3d9ce3a82f81b2379cbca6d94dfa0e
assets/minecraft/textures/block/big_dripleaf_side.png,16,16,2add89d89b9c3e6b8207d8d3d1b55b0c0c72a1bef54e404b465926a848cb2754
assets/minecraft/textures/block/big_dripleaf_stem.png,16,16,f108d20e987f52141697532fea0a4299cd7d8a860789865dcf15b8e49d06b115
assets/minecraft/textures/block/big_dripleaf_tip.png,16,16,729e6783050b447d3f6fa3561d330ab92ee29a659f3e5f4fcd5412fb75c5cbeb
assets/minecraft/textures/block/big_dripleaf_top.png,16,16,f0431760e5917e297ddd2c6e33a3359fd55b9a1d14aa65e72b4eda6e69bacb18
assets/minecraft/textures/block/birch_door_bottom.png,16,16,191f6a0d15f3c362e8f99f38b52d1a027a9c8bf261c8f630abef0e11b2f979e0
assets/minecraft/textures/block/birch_door_top.png,16,16,b979ba56424f89272bf7062390c1eeb314b012f277604299fadb686d12d51eb0
assets/minecraft/textures/block/birch_leaves.png,16,16,35eeff8cb64529c4bc2ee7b2dc2f40ebb8c06328408fd8cd42d9ff5052b0800b
assets/minecraft/textures/block/birch_log.png,16,16,8948d66dc6b6a3ca57c43258a046318ba4e65ae33c4f25fd467663b0e4589750
assets/minecraft/textures/block/birch_log_top.png,16,16,3a898e3d40185e13c5c953ce33f0c5c110bcf4058ddcf882d12255d059184c1e
assets/minecraft/textures/block/birch_planks.png,16,16,276cd545da8d5d492a73927ab2a9c24463d223b29db15745eaad4dfa4fb61cda
assets/minecraft/textures/block/birch_sapling.png,16,16,65c1a0673b3365b7afb7784d8621dd8bdba11bb4e091982ccf641626b4c6c96d
assets/minecraft/textures/block/birch_trapdoor.png,16,16,ad5039760b77fec3107faaa859677cd23e071650cf33f48e1de77a1640f21a50
assets/minecraft/textures/block/black_candle.png,16,16,02020fd322e0545f4b07193f48c875953ce069a27d0241ffab4b07d139de5489
assets/minecraft/textures/block/black_candle_lit.png,16,16,a3909c8162397a2789ecf06166a856d7bcad67edb4cb75ba843154659ade6b44
assets/minecraft/textures/block/black_concrete.png,16,16,0a8c4040c07df8e28a9365120bf1450fbd618a190875af2f4e045fb5c513f7bd
assets/minecraft/textures/block/black_concrete_powder.png,16,16,b7811e5cf02e21e902ae729fa54bd62cd0ed98e46e1198468310626f39921eb4
assets/minecraft/textures/block/black_glazed_terracotta.png,16,16,86a500ac9159f8d098f370b2bf7d91b4a5a06cb48c2795c76134db45c89db095
assets/minecraft/textures/block/black_shulker_box.png,16,16,7c9d2e619bbc51b59a91d8149b78c670207a209a1a0ff6485e19a2b3bc7ec758
assets/minecraft/textures/block/black_stained_glass.png,16,16,c05b4138b96551d63357ec3845911ef3848cbbd76957ac1aa1ae4003b113c75f
assets/minecraft/textures/block/black_stained_glass_pane_top.png,16,16,69c870dcf258cf38c9c5074fce0d7f0d50b57c52a176734505adbe32dc3cb705
assets/minecraft/textures/block/black_terracotta.png,16,16,3b4b01917f16c3af5a7c987507e7867483791295377eab3a40070cbd55b1e624
assets/minecraft/textures/block/black_wool.png,16,16,2a363d514416096d2d1f210caaab5dbf350a9d98e9a277d43b30abb800cd0434
assets/minecraft/textures/block/blackstone.png,16,16,68e0434e86db5438da64f0dafbe01738fd867b140a2dea060ad25828aa814951
assets/minecraft/textures/block/blackstone_top.png,16,16,1e896e9595df4e7b08106c432d1eb0fe89cd5266aaef02d220f70b4fb1915047
assets/minecraft/textures/block/blast_furnace_front.png,16,16,0a56e82dbfd44b2f48de6343159f86f1d4215722b72843ea64971a47030bd62e
assets/minecraft/textures/block/blast_furnace_front_on.png,16,32,844befde6574d563088bea16868153a897dbf6a0b348968e0c772cd47c724101
assets/minecraft/textures/block/blast_furnace_side.png,16,16,3330fe1de83a9a7ed58d871fa22c7e731ee81950341accc3aace787b82ca4e13
assets/minecraft/textures/block/blast_furnace_top.png,16,16,acbde30d4bc73e62b9f5ea871c78c3f50c4210d1833b8c22aab4a2af63b32e85
assets/minecraft/textures/block/blue_candle.png,16,16,3039e6bcdc7f3342d9293765ea9f1fefab91ea251f40747fd298102c0cd3b740
assets/minecraft/textures/block/blue_candle_lit.png,16,16,7e922d0460b370fb409f4f3adf2a1636bfa11032b6557a8293f8db40539bd01d
assets/minecraft/textures/block/blue_concrete.png,16,16,dff3ff6a9068ed9fb782042c17d600361ff47d919745ce765addd00f5e9b9e75
assets/minecraft/textures/block/blue_concrete_powder.png,16,16,45cac30cee63a9d701887e7e978ae0a65a5a18008c326b57b84d8955e62d60b1
assets/minecraft/textures/block/blue_glazed_terracotta.png,16,16,7b22b20d7df5084343ec9863eb1054e4940550f74ef3e47838104e75c698eb61
assets/minecraft/textures/block/blue_ice.png,16,16,78f255b11a28e2d1c8cee128fcdbe57f3e75d2d563336586329fce21aeee020b
assets/minecraft/textures/block/blue_orchid.png,16,16,3f02264d40c07279ba0d4b838908c445f46b41fc5a22133159414fb6785fe853
assets/minecraft/textures/block/blue_shulker_box.png,16,16,bd3735a88e362e4ff1cb98dfd2a6ee5c2229987b6cf97e2a61cca51e66c922bb
assets/minecraft/textures/block/blue_stained_glass.png,16,16,7e5a10997341d041c091cd6bd7fdc150a18e510075bf2803d79540bd8c620290
assets/minecraft/textures/block/blue_stained_glass_pane_top.png,16,16,fc7facf745b2cd5dbdcf45bc5e001c8f725e37986fb893a1d73a4d6f9e24e1bf
assets/minecraft/textures/block/blue_terracotta.png,16,16,793604d49d52bf7a7bfa44b7f37479cf4a945be1d8b12a7cf57ed67149e67bbb
assets/minecraft/textures/block/blue_wool.png,16,16,18aca7531e78d12b8cf9c1c6828dbbc0ba746f811ff964fe5273955677cbb516
assets/minecraft/textures/block/bone_block_side.png,16,16,369406ab7fac0ccdb128e2cc0f41fc78183ae9a3f5b35f1300fa3e02579964c8
assets/minecraft/textures/block/bone_block_top.png,16,16,40656c8d258281ffe9a62e6d103634a6d18ea20a4142ea6cc5fd83796fd844d0
assets/minecraft/textures/block/bookshelf.png,16,16,614156e22b83b1b55b84c668a9f7fbd3e730fdc906730f10fed481a3a635c11a
assets/minecraft/textures/block/brain_coral.png,16,16,a9e6db55c1f350df94faf9437b84761c6a7b6d4acef6e216ec84c8dd542ee302
assets/minecraft/textures/block/brain_coral_block.png,16,16,3c0415c9e382db37be25e8ae7f7e2fc2796ca73dc50bddb54454aec4ba729430
assets/minecraft/textures/block/brain_coral_fan.png,16,16,ca09b4daab100f31a45ce681848966185e4baa0e758dd3bd5f191a3b0ca99440
assets/minecraft/textures/block/brewing_stand.png,16,16,a37eaf14a456715c3c29537245d7d8d7ba0712e3425d4119a9d02e23a30745fb
assets/minecraft/textures/block/brewing_stand_base.png,16,16,5f345e69256061bfbc45910c673446c02a140f2a84a2badd3106200f5a7a43a9
assets/minecraft/textures/block/bricks.png,16,16,f23ef4c69e3598cab98a71b6a4b0c2855497bce1c88830aaa74689104ea89655
assets/minecraft/textures/block/brown_candle.png,16,16,d75214414b58460b9fe50014dfa06594c75d7a9730004ae61ea7baeaeabb1a05
assets/minecraft/textures/block/brown_candle_lit.png,16,16,83c703fdbb811064c90d581a4deb92ca2c4eff17e8cf97edd3e8fc32c1178c65
assets/minecraft/textures/block/brown_concrete.png,16,16,ac3a0880402c00ee6bb43b92ca062135de8cf29e602c98a057649ab0933f6757
assets/minecraft/textures/block/brown_concrete_powder.png,16,16,1c9fccc76ff77d1a812b06f374dfa9d7832c23849ae066e5ec894f84498b115e
assets/minecraft/textures/block/brown_glazed_terracotta.png,16,16,cb44feaf6074d15b58b84b1f57a46fe01a5f4ad81476d1c0af60e35edff12bb7
assets/minecraft/textures/block/brown_mushroom.png,16,16,a7e9990f39be45a2f09c0e4b690ee04cf72930e924a3abf5e615153b8d1af931
assets/minecraft/textures/block/brown_mushroom_block.png,16,16,d69b35b3485fcded9d972dbf1bf9ff6016061f6fcfdf32cdd2bade6c93dfc9a9
assets/minecraft/textures/block/brown_shulker_box.png,16,16,5e82278c3f462d200c8f5ba9df40f68a8c08abd634cf483ce396e4aab7e7be5e
assets/minecraft/textures/block/brown_stained_glass.png,16,16,1d835741ad220db343a3469f0c9ec07fe701c974bc97f62aab50fe158fb13a81
assets/minecraft/textures/block/brown_stained_glass_pane_top.png,16,16,0593bd7434b5b935ce5553fbac1d5c61e8e80de448946208cd3bc6e56ab9874b
assets/minecraft/textures/block/brown_terracotta.png,16,16,88f43c0d3544385de2d0ea4b45654394ea37c592d83d04943d47ab18dc1b58b5
assets/minecraft/textures/block/brown_wool.png,16,16,a9d8acc0e92cce9021316ab40dc8565da9c91ade7f56f543fb4706b65715226d
assets/minecraft/textures/block/bubble_coral.png,16,16,08d5070be9ecfc077114f608d91917bd4448eb289014eb676587342a4bf0a3e4
assets/minecraft/textures/block/bubble_coral_block.png,16,16,e4af2bfccd36c256cf66c3fbb9a607ae619bd242b80b64d67012173e27c45fd6
assets/minecraft/textures/block/bubble_coral_fan.png,16,16,54df6d249baa316652dc8bcb81864113334d8f8183e2ed5cd39069e9e0c40566
assets/minecraft/textures/block/budding_amethyst.png,16,16,1362223807a5b4175d0ae98203ecfb6d192b449ae4ae20bf59e19310b99bc673
assets/minecraft/textures/block/cactus_bottom.png,16,16,40fe8895d9a2c49ec4fea1fd34401986ad291f1df04b73ef869b0199fcb81b4f
assets/minecraft/textures/block/cactus_side.png,16,16,e96d7fc9d130e82bed6fc7d2eaa77bb2d3c3ca299f5847f8c92067a7f92ac203
assets/minecraft/textures/block/cactus_top.png,16,16,9b6596644d75cac5a99faedddbe11dc447d7f5438c8b2ed259198ecc00a31ede
assets/minecraft/textures/block/cake_bottom.png,16,16,7b7847a739928d9f183a9ec791fd6747cb21956c9e9678a4636f296001506c79
assets/minecraft/textures/block/cake_inner.png,16,16,c4e90ee104da18523fd05dcdb164adf5b2567ea6e0ededa5d5ecfca4c283eb2b
assets/minecraft/textures/block/cake_side.png,16,16,fedcf2889b3cec8a4d73b91a1e844d358006b8a580c2c6c5fd893f728a5f27ab
assets/minecraft/textures/block/cake_top.png,16,16,6efba5209260c85b57d8e1d87088f9bd3af86edb80e5857f7845b162af76d557
assets/minecraft/textures/block/calcite.png,16,16,efa1b62c77c00c1e8f33baa394eb028cc16fc170dc6dcf9abc3c70805f516979
assets/minecraft/textures/block/calibrated_sculk_sensor_amethyst.png,16,16,c87158401c937de689c72cc3919759b27cbd994fbfb78e6bb377bccc9746fd6b
assets/minecraft/textures/block/calibrated_sculk_sensor_input_side.png,16,16,c41692fdebac85c7526bafd8f28dfed749e9f63f554b566933d4371d327a4756
assets/minecraft/textures/block/calibrated_sculk_sensor_top.png,16,16,f58d8645fbd690f6c0f0364158875369193ada5b843db8951622ea5d09d0751a
assets/minecraft/textures/block/campfire_fire.png,16,128,03254b83b70ac66535b8fb49966948dfa8ea2cf2e8307b9d2ea164246f40d9f9
assets/minecraft/textures/block/campfire_log.png,16,16,af3756c12116a06957fe265008f5bafd534d1f18f293470e86de8689e5ca77c1
assets/minecraft/textures/block/campfire_log_lit.png,16,64,4d78e444ef6bb3597368656396b3ae219c8a54f38b6fe20c5aa6af057aab7027
assets/minecraft/textures/block/candle.png,16,16,96a2809ec549473ba312312f343a40700a29cd7d4c5fb410a9abc86b156a0c40
assets/minecraft/textures/block/candle_lit.png,16,16,f53c3452eacff0039ca6907039c22d9f0a31e7c16b5d95bbb9c9f7ce756202ba
assets/minecraft/textures/block/carrots_stage0.png,16,16,3c3bb388d21f334d8b9882d8e4014799edd9120dad2565dc23fba3a1de03ac0e
assets/minecraft/textures/block/carrots_stage1.png,16,16,9274d1fc569b56024d29492b6f8daf6546c80149afb417c1c2208586ad41dbcc
assets/minecraft/textures/block/carrots_stage2.png,16,16,ad1c140ff161bb651174bdf1244a248243baa1b0b06b3707f208b1408a2d5392
assets/minecraft/textures/block/carrots_stage3.png,16,16,c45bcbedba63bb88b95ed46c9f8343b26877f6c69bfce723835afbda4e2c5daf
assets/minecraft/textures/block/cartography_table_side1.png,16,16,0435a71dbd3a50e19672045b2c2cc29009104dc86c06d466675a2d2fea7c60d5
assets/minecraft/textures/block/cartography_table_side2.png,16,16,a8aec5c0c854f2153d35eaa98cb4ca052ec3387e62c1a7ff8b2b8e4708db2ea6
assets/minecraft/textures/block/cartography_table_side3.png,16,16,1a22a531f5bf0f9c6ec3856d54d17ef0de7e7885a7c2ac8a0089cda9ba4c194d
assets/minecraft/textures/block/cartography_table_top.png,16,16,67f0f04f5578584a0900d7e7e86df80b78d2601e55cc5a6e022acbde9af850ac
assets/minecraft/textures/block/carved_pumpkin.png,16,16,6ec1c244793af7b04cf7f940f54f98a4749d6bf15776d38881f73b6b50f14bad
assets/minecraft/textures/block/cauldron_bottom.png,16,16,42b6a5e3db3eaabd522c1e8a596573d0ba02d69b5618d9fe55b64536ab94f114
assets/minecraft/textures/block/cauldron_inner.png,16,16,c9dc074f1315bc2bd15184c2c921447c2910bddc02b4eaae6edf0379dbd189f9
assets/minecraft/textures/block/cauldron_side.png,16,16,6ad151790a6606dcb5f66739d7a2ce02fda7a133c9cc551e9c5ee7ee04dd897f
assets/minecraft/textures/block/cauldron_top.png,16,16,9d18e091144300f6d267d25b3cd83c507ca0ecbef10847fe7449b757f71f800a
assets/minecraft/textures/block/cave_vines.png,16,16,28b0cddc430bed77570de19936feb3055c5ba0240268d5393ede4fac2d570e79
assets/minecraft/textures/block/cave_vines_lit.png,16,16,6f5e4e38750c365ce8ecd008f60232e2e3f9b6c883a03c3899342d99278e18ed
assets/minecraft/textures/block/cave_vines_plant.png,16,16,f7977144c5dac209500d373f28fa0694940a8ccababdcd2853f4b1216f49270f
assets/minecraft/textures/block/cave_vines_plant_lit.png,16,16,e0234c17ca94616dc881c40cc5cd6c53b364537297e527282db2dcf712f6caca
assets/minecraft/textures/block/chain.png,16,16,44c712141c2914ef9d49143d5236b9f138810f947ab9c9992618e3b11d902ef4
assets/minecraft/textures/block/chain_command_block_back.png,16,64,6ca102360d831cf7364dfe905d767bf40fc940e8de699eecb982468ffefe8ef7
assets/minecraft/textures/block/chain_command_block_conditional.png,16,64,4ea7c3e8e609b0a26df9d8a3cea1b5ac3e79122bd7b8112a5a301b57f0a2db58
assets/minecraft/textures/block/chain_command_block_front.png,16,64,671e782028109971805a7556dc3d766788b5a601698bb644b6998b5f86151bb0
assets/minecraft/textures/block/chain_command_block_side.png,16,64,92b2e881d29a89134559ae4faae94aa19dd2c45122a3fdbd954948a3bb847d77
assets/minecraft/textures/block/cherry_door_bottom.png,16,16,0476f50a0b7175785a829291e82e025f496167315441552e721bd746acb9d350
assets/minecraft/textures/block/cherry_door_top.png,16,16,4d2ab2005b8450a61f85dbaf00648632dd9a9e5e7e65abded0fc40529e388c9c
assets/minecraft/textures/block/cherry_leaves.png,16,16,6c775a5bf98c9aad5180ccc8be71590eee5938206c218d8ec730025b558fe351
assets/minecraft/textures/block/cherry_log.png,16,16,ae85ab1b2cfadfab2ef893b5aca0f0933657f1ce9514452864427aca2a47f13b
assets/minecraft/textures/block/cherry_log_top.png,16,16,cbd302220c727f1d878048febade44b830ed4c0ffa4d8191f174d57ec1c8831a
assets/minecraft/textures/block/cherry_planks.png,16,16,7f06e0f17313710ca9e2865190829e5bce8b04ad85f50e1c7f54c134d344afaa
assets/minecraft/textures/block/cherry_sapling.png,16,16,98579666f7207b99eee7cabf5ce9c2c7ad610daec6f83e5e8772176da42883a6
assets/minecraft/textures/block/cherry_trapdoor.png,16,16,17baa0c608a471f51ea67a3b24cf2e066ea779723a22fa0c39137116cc8122fc
assets/minecraft/textures/block/chipped_anvil_top.png,16,16,f0fed5d967149fa9ced22da138c3d71e48197001ea6ad970ec2b02264bbebe3c
assets/minecraft/textures/block/chiseled_bookshelf_empty.png,16,16,d7aa97c99e3c00baef68eef7983a12595aaf5bda4323b946c2c773e0afbc0e5d
assets/minecraft/textures/block/chiseled_bookshelf_occupied.png,16,16,f3a66a8d695305b7fc9a6c7cc92024600caaa4c48e837a8460de70eb1aaaf4c1
assets/minecraft/textures/block/chiseled_bookshelf_side.png,16,16,d526ba0c5c0665a6e05baaf8a56e5900878ab48bc67cfd057119adddf5df04f1
assets/minecraft/textures/block/chiseled_bookshelf_top.png,16,16,c607b1081bee3c14ed839b0b4097ef07c529fba4d644a21e9bcc5fb653d4c033
assets/minecraft/textures/block/chiseled_deepslate.png,16,16,276de29c01fcdf53ea94ade2000daae4ca709759c855f32643b2c5290013a1c9
assets/minecraft/textures/block/chiseled_nether_bricks.png,16,16,b7bbdfdcda374cd55bb373baa06c2bf9c75c0ad7bebd1c6793f3bbbab081f1d8
assets/minecraft/textures/block/chiseled_polished_blackstone.png,16,16,3b24eb9635ab97c873c53f3e89844f2a79d4a4f93208017a2647ae83f3c081c9
assets/minecraft/textures/block/chiseled_quartz_block.png,16,16,d829f43e8034c6c735284acdb51aa00970bf118fb8dbc7d14e3d885d703464b8
assets/minecraft/textures/block/chiseled_quartz_block_top.png,16,16,3f03b2d4e510860e3fd42daf61701cd8e137cd3b901529ecd7843c66b1a4aaae
assets/minecraft/textures/block/chiseled_red_sandstone.png,16,16,fa97839e9a592197c388af2e1f5368b1ad1ef5661b93873bdd1345aa9a116dce
assets/minecraft/textures/block/chiseled_sandstone.png,16,16,86ae98109278f966e876e75f90e717ff5afcb60570e6355e410702f1890eb1e3
assets/minecraft/textures/block/chiseled_stone_bricks.png,16,16,54d8f4217c3a3efc4e5a8679ff00839961aea097565d152ed6cfe1d76dcb3f4d
assets/minecraft/textures/block/chorus_flower.png,16,16,8b586ebd4a1101e973317d95fa2dbbf3033c0e755b8d79033f5f9e5d41e25651
assets/minecraft/textures/block/chorus_flower_dead.png,16,16,4aa0105768ad3adef620408e75193bd5cafd839e1492fa6abacce363d15d3870
assets/minecraft/textures/block/chorus_plant.png,16,16,8ca90a05b4baf9c558693da4204dfb90e543d28f95354e6626fd80a366f5a084
assets/minecraft/textures/block/clay.png,16,16,f861d609530c17102befd914127c2c2261a5d75ad0b7324410ba6d196b8d98c4
assets/minecraft/textures/block/coal_block.png,16,16,ce9dfcf13f552af9b52a0d8ddce9931878e54c851bd6fda09c70209db7c5284b
assets/minecraft/textures/block/coal_ore.png,16,16,9f1416938aae93d0fccb953ba7004d8a68e939ff6bb6996cbee4ff050e16600a
assets/minecraft/textures/block/coarse_dirt.png,16,16,62c9081c0fd20dc1dad89a3552a3d8ec21cd375ef641b6a7df77686e3b404e7a
assets/minecraft/textures/block/cobbled_deepslate.png,16,16,368f505f250f950ff186ff0a92a9b810a2165a0750fa93f2b5bd6f0f3b20f094
assets/minecraft/textures/block/cobblestone.png,16,16,2431a28eaaf9a728a6bf6bfad515a2db74932d5091604c8c66c500734e21883a
assets/minecraft/textures/block/cobweb.png,16,16,093f9c0362ff0b63fd2294ed2ea43bcec6029b3be3ea29cbc0b2405941370280
assets/minecraft/textures/block/cocoa_stage0.png,16,16,4234dfe025cca1603ab7ba7ae019509a40a25eb4d72e7728e37b38edd3eef607
assets/minecraft/textures/block/cocoa_stage1.png,16,16,c33db9566775d9c8026ce22ee508c8b4d9b06d8b353fe438ec4389e6156adfc3
assets/minecraft/textures/block/cocoa_stage2.png,16,16,baf96be385443f974dcbe41a5a8de5fe53c93d10789822e1f53ac9cbca9df259
assets/minecraft/textures/block/command_block_back.png,16,64,709afc801701a452ee99120bdc6d1c76ffd8609ff88419428703ab735dc8c668
assets/minecraft/textures/block/command_block_conditional.png,16,64,5f7fc3a5c9fe44fd6a3dcd1a09c31567976af00c178a30f4c556b93cfa7a987b
assets/minecraft/textures/block/command_block_front.png,16,64,460460caef535e5fb474cac71298dd89bccb38ac2ad8cd58aa49a38aa4c4f8e0
assets/minecraft/textures/block/command_block_side.png,16,64,4d11cb9c595cb80c0db197db964e0d87df1795e38dda64ca65c1c6fbdecd6124
assets/minecraft/textures/block/comparator.png,16,16,18bc74257742cab99c93bf11d7206c5f5b976462000a3a4fab7a94f7b9d36023
assets/minecraft/textures/block/comparator_on.png,16,16,89a9170b3a083824649a2d0992e1f6db3eabf02c142ba6a23e95eb5c5dfec741
assets/minecraft/textures/block/composter_bottom.png,16,16,fe43b4caafcca28013edf892caa5bea9af8b8bcdfe47b8a4314ce81cd0be3f1d
assets/minecraft/textures/block/composter_compost.png,16,16,b4e7fe5cb0ed8ec3741875068416ce274aa5f1bf7e8b1a70041b240676ec4044
assets/minecraft/textures/block/composter_ready.png,16,16,0728ea7744f5893be3a34be751b74f172867ab6fc2e461025b03100d4fb07715
assets/minecraft/textures/block/composter_side.png,16,16,ae7e2ebff5bdb161f40d6d54a440c845bd7d0b206019095ab19fd92043f0103d
assets/minecraft/textures/block/composter_top.png,16,16,edfe6ef3cf906aa0ce8021a9155f1527b22a033acd39bf2de50330f911501474
assets/minecraft/textures/block/conduit.png,16,16,682acb9fdca2fbaff3efdba34dafabe21d708c8d06d1fad2fce100867de721d3
assets/minecraft/textures/block/copper_block.png,16,16,f2a4e847dbf7ffee41cda7a1695661e637fc11e53b0d7a28d7cdee76fb41981d
assets/minecraft/textures/block/copper_ore.png,16,16,6cdf66f013c8de9dca7f4dbefd4dbab7d1939b8b44897ce1fc92e61448580dc0
assets/minecraft/textures/block/cornflower.png,16,16,d7caf67e93122dba8d0a5116a779a4f0ed7ae521d9249ef41a80679e81b416e1
assets/minecraft/textures/block/cracked_deepslate_bricks.png,16,16,9353bbc81149221e1ad1f5f84e0e1961fd1efe064ff53c6df8284672d571e3e6
assets/minecraft/textures/block/cracked_deepslate_tiles.png,16,16,f67ace510b8aa5cb1119b507c048cc6f1a07666df32ecf1d903d47b4cb3dc23d
assets/minecraft/textures/block/cracked_nether_bricks.png,16,16,0291f562d572787d2c3384b69fc6e926ca392c6026ffc9f4bec4083d53a6e215
assets/minecraft/textures/block/cracked_polished_blackstone_bricks.png,16,16,551d83fd0ebb6a6ff7da99c84418880b6bafcb08ee83416eb0aeaac0fc4cff3b
assets/minecraft/textures/block/cracked_stone_bricks.png,16,16,236bcb33da563c39599b3035945b58d11376efba81bb7fbb2c007226be4c260e
assets/minecraft/textures/block/crafting_table_front.png,16,16,ff53d9803d469fec24d2bc0d547f5e2155b080788f3cd701ca3e39973985665d
assets/minecraft/textures/block/crafting_table_side.png,16,16,414736f6eab354a21063908a71e0372a6c52191d808113f1c8bfbbdf4c39ffc3
assets/minecraft/textures/block/crafting_table_top.png,16,16,989c4e768fa5f145e5eea1027c1fe4c6adcf5eaf5234dc4140bb6404b4c1b532
assets/minecraft/textures/block/crimson_door_bottom.png,16,16,6b46d8e0d6bbc7ff67a70c3a64c58d86deb2622c50f66ab772d65ed35b956ed3
assets/minecraft/textures/block/crimson_door_top.png,16,16,4e921f18d161889692311c15d2309eb28da11a21c50a181a75eaa5840222fc7c
assets/minecraft/textures/block/crimson_fungus.png,16,16,2515da600e1a040ae4881ece023c948ff43907954c5243bc7556ecbdecd131ed
assets/minecraft/textures/block/crimson_nylium.png,16,16,1c566fa7ccc6e71829304efb57c344a2ab1dc8a04769579bc7e7b968220f87a8
assets/minecraft/textures/block/crimson_nylium_side.png,16,16,ab310ff97427eed60825c4e5f037380e92ae60e817040ad070e932e6307d94aa
assets/minecraft/textures/block/crimson_planks.png,16,16,5c7c0bfdb51fbfbcb8b2284eccaf6d7beafd40190dfc59b5e01f9e5024560fd8
assets/minecraft/textures/block/crimson_roots.png,16,16,72807f0b5206acb75203755287a8a90a871e084c2350d1e3596c550bf47cb992
assets/minecraft/textures/block/crimson_roots_pot.png,16,16,5abd9d7ac4d4115387df5df0074f335c06b8d9d6d5dea1a535391103ae4f9399
assets/minecraft/textures/block/crimson_stem.png,16,80,60d982e01bcf446152e16ebb9dd14a002d61670b2195c289442b29e740bac99e
assets/minecraft/textures/block/crimson_stem_top.png,16,16,fd46cc9b28acedc54d1204dad8865fcf13cdd8962208d3e6511dca56c16fd294
assets/minecraft/textures/block/crimson_trapdoor.png,16,16,6419373bcd54bd4c0e25779d5bc91495310d61d924fdd1fbcb0fb1052a796525
assets/minecraft/textures/block/crying_obsidian.png,16,16,f451b6cdba00688293abcd1bf4b88d3fdcbc75595dcd4a0fe09eb1d360a6b548
assets/minecraft/textures/block/cut_copper.png,16,16,3fed363d2ddf1f7ed3405e20c2efcc70763c065307252645b9dbdbda12cc32dc
assets/minecraft/textures/block/cut_red_sandstone.png,16,16,2af63d8529c683f75636199c035eb362cefb7926d26000269594495a8d63e646
assets/minecraft/textures/block/cut_sandstone.png,16,16,31c52b8590de031a57da288ecf1c131df010e8c207fcfac383f928fd7c171527
assets/minecraft/textures/block/cyan_candle.png,16,16,091824701bffc93f37cdfa80e191496a04f1fd437af120ea1f9c0ed3043fb885
assets/minecraft/textures/block/cyan_candle_lit.png,16,16,4f063e9553e9f6448c33302d8ed4a74b7df0de9166744139eb2675bdcbc830f1
assets/minecraft/textures/block/cyan_concrete.png,16,16,2c0f83198904d707a83143f35c9e9eca4f0ec5d4489af8e8d061584a08c4df9e
assets/minecraft/textures/block/cyan_concrete_powder.png,16,16,bd5681d35dcd2db51fed9ad67b5606855ecae592f461a4d55b60c873a3f6ba44
assets/minecraft/textures/block/cyan_glazed_terracotta.png,16,16,79881959cfddc4ba8f8b4ab2aed2ad15c6fa1cf2fa8dfd7e1f062d34bf744a44
assets/minecraft/textures/block/cyan_shulker_box.png,16,16,4b6ac1efe6080d13cb2b614744c9698753b4c00d636c9cdc4b1bc0dcd0e6e1da
assets/minecraft/textures/block/cyan_stained_glass.png,16,16,28588faae6c5287a863a77310253e4a836192c13e1f46c0d369075e0576234e4
assets/minecraft/textures/block/cyan_stained_glass_pane_top.png,16,16,16231acd2ee9b158298d87912f72cb4b49f2fa07fdb0375b955cf8f1665dfd24
assets/minecraft/textures/block/cyan_terracotta.png,16,16,0a5b6294554ab6152626f48aa9ac35d0a6239302f3e8f5199f90c103393df7d2
assets/minecraft/textures/block/cyan_wool.png,16,16,ebb26b0f55731badce2a3ebfc5f72328dde93c2e9ff2f5bb20764d55ed2f3ac0
assets/minecraft/textures/block/damaged_anvil_top.png,16,16,47f2e37e34c5ae9231cbbc3f09b174cedd939c8831fa580af5850edb89a00f31
assets/minecraft/textures/block/dandelion.png,16,16,b8e2897e3dfecc1c863a861dd6b92b66987f33770054c2179c15b5c2abbc0e51
assets/minecraft/textures/block/dark_oak_door_bottom.png,16,16,ac0080b1302e19d3b498870ffaa056717f4d5d0955978b9f2949a74531ddec8d
assets/minecraft/textures/block/dark_oak_door_top.png,16,16,50ea10d08a8da3734df64d7f9e79dd55c0e3694915326c02fe4253f10bb77b72
assets/minecraft/textures/block/dark_oak_leaves.png,16,16,15cb58b39af6dd46b0f301593466ad0d2f84bf79d8bfa8fdd514ba471c18c819
assets/minecraft/textures/block/dark_oak_log.png,16,16,4c2e7ac1a451f43e65bb7c3c0e18669c8f69835182b1918e061e02896604d598
assets/minecraft/textures/block/dark_oak_log_top.png,16,16,53eaa6b6f592699eff3995d4bf1e342021e1bf1728036e241c1f15bd3d4b2fae
assets/minecraft/textures/block/dark_oak_planks.png,16,16,3d04f576678df35491ccc43b0fafddce13e310fa5f363ca13193f8a2f55b285b
assets/minecraft/textures/block/dark_oak_sapling.png,16,16,d532fb1909036c88d12291cd171969d9a8e22e7801a7d77a3097d781bed8775b
assets/minecraft/textures/block/dark_oak_trapdoor.png,16,16,94c6a1ecee5a3ebf7b81d7ad7c780e56849296b857d8ecd6313619c2d60eb33b
assets/minecraft/textures/block/dark_prismarine.png,16,16,7eb691c96611d2d1d272f732288dadb22177aa9f21e6c6ac2b949bcc1879fac5
assets/minecraft/textures/block/daylight_detector_inverted_top.png,16,16,6c05c8832f33ff2fe6d5f8273f00d6740609551121d65791fbc5c16bff974ade
assets/minecraft/textures/block/daylight_detector_side.png,16,16,aa16c5baf4ee7e85164fdd5788dab19ea55943b566a10f1485cf4790e99d1b9e
assets/minecraft/textures/block/daylight_detector_top.png,16,16,414f492d0bd0e6bf89775351dc0b5fbd159b26e9fbff3a4311b59f7779dac6a6
assets/minecraft/textures/block/dead_brain_coral.png,16,16,ce6597e72ed600a40c5261d5d6d24437fbaf902549007c814c2352d7b3c53e1a
assets/minecraft/textures/block/dead_brain_coral_block.png,16,16,3ec454b7bd136cc0d597e6068565620f694e562845b07b0b4ca957938554278c
assets/minecraft/textures/block/dead_brain_coral_fan.png,16,16,540e5fc4502fc162b5d4fb77d9a74bb6d286ba895bb3db2f74487faf1c228533
assets/minecraft/textures/block/dead_bubble_coral.png,16,16,5035fe41dc7b521e84b29d6d58dfe818253263240cb599127fcf149ccd035e8c
assets/minecraft/textures/block/dead_bubble_coral_block.png,16,16,dcb7d523adb47be94bf08f4bae896c717a6692b01ccb934e526d2d4e882ce461
assets/minecraft/textures/block/dead_bubble_coral_fan.png,16,16,a2a91334950c9ebfdcf8fd6608562597ee53c54dc96c5aed84da32abd1c2306b
assets/minecraft/textures/block/dead_bush.png,16,16,db5fa51f063886ec86f17580bf3cdaa4fb83ca33b21970d04b5e708d32c059b6
assets/minecraft/textures/block/dead_fire_coral.png,16,16,be5643ce87ee2b58cd0c91ceb4df9f9d22ded260def705642c2792f33eaa63b9
assets/minecraft/textures/block/dead_fire_coral_block.png,16,16,b977e64026cd2bc86c678b2834a5c2fd2b7e4d4636da53cff56ec1e78e86cebc
assets/minecraft/textures/block/dead_fire_coral_fan.png,16,16,e06f4a8c2784fd509c96b4457fc416269678e8ed9ec130bf2f6f42d723bb1af3
assets/minecraft/textures/block/dead_horn_coral.png,16,16,9520f2cc5b4190274908db6775a84262886b7b19aee02a82339fb4f83064ecde
assets/minecraft/textures/block/dead_horn_coral_block.png,16,16,e4e869e18327cf4c6d235f764581162eb4ec3821b29097b5c2bdae06d812e6fd
assets/minecraft/textures/block/dead_horn_coral_fan.png,16,16,aa41ebe58e0c2ad71a251f113c4988d2cfa46c99a78b69eb744abbeb53b3203e
assets/minecraft/textures/block/dead_tube_coral.png,16,16,79e843481b489d2f2ea0f231cfeb59ba4366f3451b2d9ddbb68c6593ef13ed7d
assets/minecraft/textures/block/dead_tube_coral_block.png,16,16,8d5de61158a6d618341f5b110ed41fb6608182891869398426cd53ee2b2a4f58
assets/minecraft/textures/block/dead_tube_coral_fan.png,16,16,55a7cbb0efae5261eff93b507e1f71aec496a36083e1e5c512bb3e7b213f6a08
assets/minecraft/textures/block/debug.png,16,16,a1c4d10da9bc682b58e21e7c307c790bf45e9c927b2c2f9c7edca63f3bdc05e4
assets/minecraft/textures/block/debug2.png,16,16,0f27458b3db5ad8c540ddcde993cdb25717fc74af496f41dba674dbcf686ac45
assets/minecraft/textures/block/deepslate.png,16,16,fcba18a824b979157ccce4075b5bc26fd5c4dda6bc0003fc691ae7012856ba22
assets/minecraft/textures/block/deepslate_bricks.png,16,16,746261351e513a039f9694ecc6483300b22ec32f1f775d3451284f399815a8be
assets/minecraft/textures/block/deepslate_coal_ore.png,16,16,bf90cc623bf740fcd4fa107b6c41dee73d04f640bf2110cff3dfa5ac0b39f8ba
assets/minecraft/textures/block/deepslate_copper_ore.png,16,16,ba44bf8ab63fbbdb18eb8dbcc9dc5c3359bed63dce1fa93bd149366d9df42fc9
assets/minecraft/textures/block/deepslate_diamond_ore.png,16,16,220975b6770c861b2eebb443e01df3471e6d405ca792b1b9dbe7cadd1423e0b2
assets/minecraft/textures/block/deepslate_emerald_ore.png,16,16,cc99693f43c73b1792f1ade7d112a63d13e8c216e0076879cc3db01b1ece52d8
assets/minecraft/textures/block/deepslate_gold_ore.png,16,16,b536fbab6f3b96a9a46916a882d27401ef1e123e47018770bd94271b7c8571d1
assets/minecraft/textures/block/deepslate_iron_ore.png,16,16,6a42098fbeeb5031dbed80da0db3eec1d4468816f80410bdab5a4cca222f5209
assets/minecraft/textures/block/deepslate_lapis_ore.png,16,16,203a24ae74cb85bb0fdfe1acb290aebf36ac5ddbcc0690577057c1f9f219ddfb
assets/minecraft/textures/block/deepslate_redstone_ore.png,16,16,4157a9c156538b44e6662bee971eafa8adc071674e0efdec27e6123497be2672
assets/minecraft/textures/block/deepslate_tiles.png,16,16,7d22c4cd59ef94dbf299b7d62fecf962e8f0c107df11604c68d8c95b2c731b7e
assets/minecraft/textures/block/deepslate_top.png,16,16,6756166657ca891a1463c60123de3e4bc23c21d78c61471dea0594250a4119b2
assets/minecraft/textures/block/destroy_stage_0.png,16,16,f499533ea289fe9f34b0917d630129b4805ae39b9491859eba496682cd2fd0c3
assets/minecraft/textures/block/destroy_stage_1.png,16,16,0de13fe3603a953791dc229fbd78ff825845af57bfdb4137eddcc7ef9debce34
assets/minecraft/textures/block/destroy_stage_2.png,16,16,3dad4672e2cd127105cc113bc7584785ae1d600a993e5e5261661d4805fe9b11
assets/minecraft/textures/block/destroy_stage_3.png,16,16,47e37d00f3367c45b211e836c3299b7ddc2134ba3d34a857ce439daa7ac9630f
assets/minecraft/textures/block/destroy_stage_4.png,16,16,2780617170f5b7c038420a1de9c3dac2e47d45b43e712b84a7cb3903faed6fa7
assets/minecraft/textures/block/destroy_stage_5.png,16,16,a1594b011cc496d4a1a91ee27961dcc6c7d383f42ec50ccfd07e3d3658fac77e
assets/minecraft/textures/block/destroy_stage_6.png,16,16,6f3ce9bb5ca0d56725266eea5d9e6cacf98dcda1eadd4893830386e6c8623c4c
assets/minecraft/textures/block/destroy_stage_7.png,16,16,d3f13380bfd76bbf80a05481ff69d0c809c53f196d54b414bde35922be52de12
assets/minecraft/textures/block/destroy_stage_8.png,16,16,0812dac1274ce5ea7eb354eb4496ad9a8cf5ca1f2c5a567229dded4e20102ef3
assets/minecraft/textures/block/destroy_stage_9.png,16,16,1a04b1086d8f2dbad274ee92d3e5368e10b523fdfb4b046347b63dade0d84414
assets/minecraft/textures/block/detector_rail.png,16,16,dc4401b9a0d6dcb462860d11f633c1192b9ecc5d83b1fdfcc297de2a8aee5173
assets/minecraft/textures/block/detector_rail_on.png,16,16,b77e3675899873f41cdc0ab664746fd2942f1a67400187205493b040fb515bc9
assets/minecraft/textures/block/diamond_block.png,16,16,509fad65d5c1df1f79d3dd6255210bf17bdd3c4564923d90b7c249bf0bcf6caf
assets/minecraft/textures/block/diamond_ore.png,16,16,59f7d8669fd1ec14b95910986d686cd4f792b94a2274967e377812a958004778
assets/minecraft/textures/block/diorite.png,16,16,14b7341718ca93ae68c75c66e1d13a2c58d0d160fcbfcd7d8022835690e89882
assets/minecraft/textures/block/dirt.png,16,16,fb0450253248276e0b8d653d5a4d21c59763cbf775c0e048469ff500afaaef68
assets/minecraft/textures/block/dirt_path_side.png,16,16,e49ab7eb622892aa3c9419f12a12f68a33db9f043fcd2a8b2d11ac8d27bd5f5d
assets/minecraft/textures/block/dirt_path_top.png,16,16,f1bf44dab03955bd1f9cbd377e270b100c4eba4595aaee4290a3b0cb9a7966be
assets/minecraft/textures/block/dispenser_front.png,16,16,507e40de192e1a0ffd8201a246d047ba992df9a01dfd1d9e7136cf3aa9e988c9
assets/minecraft/textures/block/dispenser_front_vertical.png,16,16,7a28cb203eebcb2fdba3d4e2232d71cf8d7a038cd6c30abf599130366c83feb1
assets/minecraft/textures/block/dragon_egg.png,16,16,ef79961baba088ead8624e00a647a959a8b8c32d18cd8232163fbcd396495f13
assets/minecraft/textures/block/dried_kelp_bottom.png,16,16,e1a52f97fcc8b9df10a0c0ad29168f77279e806ba60dafc3ca1d0891aee04d08
assets/minecraft/textures/block/dried_kelp_side.png,16,16,837fe11882464033e166efffcc9a59ef60085ea04d4d3f53693ceec0b3f97a09
assets/minecraft/textures/block/dried_kelp_top.png,16,16,d9240f1878fd24ac64c613e1dbdb792b6174b293829cfd356e10351b245e6ad5
assets/minecraft/textures/block/dripstone_block.png,16,16,1f5f18c6d037e24ddeb41b490daded4f2096c128cdfe23e58bd979cf2c68f732
assets/minecraft/textures/block/dropper_front.png,16,16,56feaf5b2023d7d82ae3caca2927fd816611e262a145f79d82c1e005c562564c
assets/minecraft/textures/block/dropper_front_vertical.png,16,16,4e9cfdc4fe027a143b5413edaff4fa69305e2a0663ece801e29d7b28c13d1d50
assets/minecraft/textures/block/emerald_block.png,16,16,b5074f5fa844d6a9f895e11efb0db39b7a831456b36294f18afa01a2c9493063
assets/minecraft/textures/block/emerald_ore.png,16,16,c8150639e563e2f41fdced4f1d9fbfa1551dc063028bdf00643afe897b69d678
assets/minecraft/textures/block/enchanting_table_bottom.png,16,16,5a22e88553ec5a8aefc0804a157ce6881d74f593f03246994751a18a35160b29
assets/minecraft/textures/block/enchanting_table_side.png,16,16,c197b409a3646458a62e73b4252d85f2cfd0555a7c07b05a75e8a8d4f4d031b3
assets/minecraft/textures/block/enchanting_table_top.png,16,16,a5f93beffe647aab5735704b28e631cf7d98352595b9d5f3b6724788579c250d
assets/minecraft/textures/block/end_portal_frame_eye.png,16,16,3ef140ce4e76b6698ccf29535e3a90cdb09295d7d72f2cc13f3b24446d3f17b3
assets/minecraft/textures/block/end_portal_frame_side.png,16,16,e5fdcee71abade2f690ba185a7ee6ff759eb5ec5029cc7fc99a723c935c72b87
assets/minecraft/textures/block/end_portal_frame_top.png,16,16,00d71da8ec37fd32ae9ad83b9eee708a11073baff75345379b6eea0bd93ed141
assets/minecraft/textures/block/end_rod.png,16,16,94f20a6cd82eed61af0597d690f26411f83693ef943f2c0d31d9fa5a5721128e
assets/minecraft/textures/block/end_stone.png,16,16,fd22923c76db371031fc5d1163f3be1f477487adb13f575bec7055da7df2713c
assets/minecraft/textures/block/end_stone_bricks.png,16,16,b8fabf828645433b91ea6ad0531ed27b968ea1b645242da92a5707af09d26dc8
assets/minecraft/textures/block/exposed_copper.png,16,16,f4fcba201af0f8d979c53e681247419117ae51076c1717948eb6a166715fdb55
assets/minecraft/textures/block/exposed_cut_copper.png,16,16,b979186ba645265ceff3dd7f4b67c8b59fb9d82272a73c7fa60716a07d093145
assets/minecraft/textures/block/farmland.png,16,16,ed094bddfac0f6def533096acfcf836fd667b6f14c90b571bc676a3bf58b54d8
assets/minecraft/textures/block/farmland_moist.png,16,16,5a00ccac1d2e35ec72e4ef31fc0e7126464a5dde6df64c6701849e8f7e92ef75
assets/minecraft/textures/block/fern.png,16,16,e7fccaf05559b73cf96f28210e00ad63bf2e4add13ac8f5b813a207da2aa38f1
assets/minecraft/textures/block/fire_0.png,16,512,c7a342a5f8016507a39ff50004437e55a52206c441b993612529de7a3b33cdf2
assets/minecraft/textures/block/fire_1.png,16,512,bb0edf37c52d25ebcbbeb40cd96a6cd956181e2d25d37e5df4b644adc91592fd
assets/minecraft/textures/block/fire_coral.png,16,16,a02f11a657e7ad2697c17e1ce47d3e98f6a8a83832618900d2e45e617dd6fe13
assets/minecraft/textures/block/fire_coral_block.png,16,16,f29b930578db8ef5aa55c7d7dbdcf7a565f6740d6e5637a73d6b910458da11bf
assets/minecraft/textures/block/fire_coral_fan.png,16,16,db3b9e843004cd37d894d012b4995eb9608c2b1f9631ba09862a3836427e668d
assets/minecraft/textures/block/fletching_table_front.png,16,16,00628152fef37e03bf1236b1a76bb629f5d0219054ac6995c740f37d3888b99d
assets/minecraft/textures/block/fletching_table_side.png,16,16,7b3f63173ba029174656fbe5a711682901ead14a478fb9202ea5a673b0898011
assets/minecraft/textures/block/fletching_table_top.png,16,16,fb2d31de80df6a5c5933d9b64a47ebd7203caa61c782fd13bb14e6d139ff5689
assets/minecraft/textures/block/flower_pot.png,16,16,7c72119fc47918edeedb19d83e52ab3eb73953af03868780b02ae1249236f60d
assets/minecraft/textures/block/flowering_azalea_leaves.png,16,16,265b411f8349eeb2e0b71c6ca93dbe3ab755bb863901d83ab4c7995ede11504e
assets/minecraft/textures/block/flowering_azalea_side.png,16,16,e8692420c6dc9d867729b0a0c1a5a8cc84dd0deebd6973e96fe4a4b8bc9b6931
assets/minecraft/textures/block/flowering_azalea_top.png,16,16,1fcf4def61516f806cb995e1e8e600657fdb25dbf46cf42a2f974ded03507a95
assets/minecraft/textures/block/frogspawn.png,16,16,bb4b2e237b596c86f0b24ebe529805c49126314799d8ecb767417f92a58c7b00
assets/minecraft/textures/block/frosted_ice_0.png,16,16,af958b304c75ec0df3b398c9bb7a5cfbef3afeb73c64b1bae648463d300a6eac
assets/minecraft/textures/block/frosted_ice_1.png,16,16,5660759f021aebd94a04f975afebf96eb07abce51507d7a194bab73adec75f7a
assets/minecraft/textures/block/frosted_ice_2.png,16,16,fe0a2ab846695b3b90772f25ad773ea28f9562a60a87ab92cc9912d0eb41d149
assets/minecraft/textures/block/frosted_ice_3.png,16,16,8a5c810c2d23e3d041f317cdf1d6cf1689cf42399c03fbaa72f96e81c107f08e
assets/minecraft/textures/block/furnace_front.png,16,16,5b8915d5ce6a02e44f39cc64d19c22138e9ec7f53dc163913018a3d95d3c1b7f
assets/minecraft/textures/block/furnace_front_on.png,16,16,c9cb46d068a002db47660ff4c97eabfd330f60500afdc21d081012cacf60272c
assets/minecraft/textures/block/furnace_side.png,16,16,565969ff712498ca1ab1e77230f3f304e25eca63bdca0f480ec26d8b44368d3d
assets/minecraft/textures/block/furnace_top.png,16,16,7694f519b9067f00d1a9de8a3465c2986f0a895e5797a1b69b71a66c40ac36be
assets/minecraft/textures/block/gilded_blackstone.png,16,16,5a8940f3cfa51a3f54d9e24773f8471dbcb1e15acf496de5886d0bcf5a785974
assets/minecraft/textures/block/glass.png,16,16,cb89c706dce86eac3123cef087d359b5f23098b658a468fb91662b4a9922bcd0
assets/minecraft/textures/block/glass_pane_top.png,16,16,cf813fd7c62ff76a81a5d1a55df02bd9f7565be23539a8896b757eff468ec3de
assets/minecraft/textures/block/glow_item_frame.png,16,16,fad2630849ffdc125ccc2b30fee459162bd2c490d4e660c95f1a8e498bf7883a
assets/minecraft/textures/block/glow_lichen.png,16,16,f5ae5e5a1d4615728b48c7e5c69f7c7a5c721e16fad62b69131aad73e896bd92
assets/minecraft/textures/block/glowstone.png,16,16,8daac30bdc6f018d7f648b3c31b329bab78c6e185ab83c9a80993969582ba797
assets/minecraft/textures/block/gold_block.png,16,16,33552a14c5b454d1382d60e578e9d8ff591fef95506a63ff411826dffaf0c705
assets/minecraft/textures/block/gold_ore.png,16,16,32e8cdf32bf2dbc5e8ea330581d59f44e3068f0fac8c065c90bd33ed8339da3f
assets/minecraft/textures/block/granite.png,16,16,1fe22cbe9883b7a27738e1c00bd43b0ca735d2882e1cb941ac9f4316afee7b69
assets/minecraft/textures/block/grass.png,16,16,c725aa635385c185a1616742faeb87f58e6a05637932810dd5dfe2eb07e55050
assets/minecraft/textures/block/grass_block_side.png,16,16,dedaa0171af63df63a6cf7e3e6c7078d4d5830fd93923f3005302ed0f02104c5
assets/minecraft/textures/block/grass_block_side_overlay.png,16,16,43d98318407d9d122b83468cf183d18722e548c2144f9c2ffe2021b5c3e770e0
assets/minecraft/textures/block/grass_block_snow.png,16,16,53f100fe981f39331c8197bf8044dd3a79d1e5ede87c6b32996091758145c485
assets/minecraft/textures/block/grass_block_top.png,16,16,b2aa2204118c7323c0f8d263eb30dee99b6b69cb1f6df3115272a69fd188e507
assets/minecraft/textures/block/gravel.png,16,16,e5daea0b339b6f3ff4914db648913c6b3f56f4e8a0e5bd685d96961403f5f3b6
assets/minecraft/textures/block/gray_candle.png,16,16,4e14ebdab8ceef3fa3e0322a88ec99e7adf8713013d1d418575c958a01c19119
assets/minecraft/textures/block/gray_candle_lit.png,16,16,6e8d860b77ea2520ffdb325363fbd2866443ce8f5e3ff01d9f8c9c514849bf0f
assets/minecraft/textures/block/gray_concrete.png,16,16,1764b8dd6dd17a9678d74d82e2d9bd3b59b85890b637942f44ccce7ce559b72f
assets/minecraft/textures/block/gray_concrete_powder.png,16,16,6a2c438d6664e538f0ae514dd7f817697eacb291a41b4542600f0295635d6c50
assets/minecraft/textures/block/gray_glazed_terracotta.png,16,16,1fc270c0e04a77670a5d644bd69524e6a811358c6ab7eb5ca4269e294c23e578
assets/minecraft/textures/block/gray_shulker_box.png,16,16,468d2e299871b22a6e2856f862754ecddabc861321ac8929039430d2d7a8bab3
assets/minecraft/textures/block/gray_stained_glass.png,16,16,ef63e3fa74f2dda2c65c0946698493e063f42f4b9f411abaa03b98ea57499e6d
assets/minecraft/textures/block/gray_stained_glass_pane_top.png,16,16,15ca80d3ed449ec6d6ada0d9ee9d842304785ce8796cd2a4bb7d7433b6d9b487
assets/minecraft/textures/block/gray_terracotta.png,16,16,e81447ecbe3ab9478ac8a8c9f472ddc2c770924ef55416a468000d3dc0530cdc
assets/minecraft/textures/block/gray_wool.png,16,16,e1672e3ca54b6a089f32be08469aaaa9e9e2153e5abc0fa7f5c786184deccf5d
assets/minecraft/textures/block/green_candle.png,16,16,6fb4273d04d0e40ffbc4a0047665b1a0c96864c631c5b1c5b696202dedefc2ff
assets/minecraft/textures/block/green_candle_lit.png,16,16,7ce9abdb398e7d947e199d5c3e35b760e051f0d0016da816cbf7f0737a6fcf7e
assets/minecraft/textures/block/green_concrete.png,16,16,9626f5419ea91fce53218cbe3596ad909b24e4e880f6454d0b64d7ac7edfacdb
assets/minecraft/textures/block/green_concrete_powder.png,16,16,87fbaca5892c6ff2a22ff37c30d1fa07b09fd3eb86b195f359a24c96828ee9c6
assets/minecraft/textures/block/green_glazed_terracotta.png,16,16,a0bf71e063f1a2cb686bc8dc3db726a92ca53eb5a907b141e8ec44ab1fb7f0cc
assets/minecraft/textures/block/green_shulker_box.png,16,16,5b0eae06196764f3039e3047f7c3eecfdc3e91f989b17ca392e48fb5c464a5ca
assets/minecraft/textures/block/green_stained_glass.png,16,16,dc82be445bd9c7cf158bd57651d51bfef400310f2ad4937fe1e5b1c60b4f5916
assets/minecraft/textures/block/green_stained_glass_pane_top.png,16,16,578f59519229f5834086cb60fcad76d428f92086b2ac704cd1f07dca2a911f25
assets/minecraft/textures/block/green_terracotta.png,16,16,5d5b1ccbfe807da597a8622a7e7fbf0f1686a3174b259446510a524e96a2e1af
assets/minecraft/textures/block/green_wool.png,16,16,21007bf93435e59e70e6323a78008b3f9e7926ea8ad40e1c434de6793c412f8e
assets/minecraft/textures/block/grindstone_pivot.png,16,16,64b2283ea627733eea0ec669f6c983f620be8f22fcb29aa4444d012d860f430c
assets/minecraft/textures/block/grindstone_round.png,16,16,30f3871eea8554d1b10656dec852e33ca9efcb5401c2f597d0dbf9690b7e1855
assets/minecraft/textures/block/grindstone_side.png,16,16,9e8990c8ce4f654de825dea5783d25982c9561416a9b7e174ba54cbe78fb2bed
assets/minecraft/textures/block/hanging_roots.png,16,16,8da348373eb0f7554e204c2beec2b5d97f34e813b29ffba8675e951818206f2a
assets/minecraft/textures/block/hay_block_side.png,16,16,c02f4b1e21248b8d6c2c04bb0895f573e81a73fe6e694514349dd9869949319c
assets/minecraft/textures/block/hay_block_top.png,16,16,cbfffa8413f547e94efbf23e6f3189cf61fe8d1ff38fc548dc7c73c87cbe2859
assets/minecraft/textures/block/honey_block_bottom.png,16,16,2a83529b152e3c4eedd6e66a49610671a936f97ed8963431028bd6d672f140b2
assets/minecraft/textures/block/honey_block_side.png,16,16,64fbc3141d6c397fb7c554578426965ea7a0b45512efff0676d9018fe195b19c
assets/minecraft/textures/block/honey_block_top.png,16,16,7a830a7243f0923d373caf7b4309ab1d55f18efb88dd74db4336a2f6d5edc345
assets/minecraft/textures/block/honeycomb_block.png,16,16,3dad78f66f3c505b0f3417082a9f02d3ffb6d33eb7cf170b2ef999c6625c8c97
assets/minecraft/textures/block/hopper_inside.png,16,16,c9dc074f1315bc2bd15184c2c921447c2910bddc02b4eaae6edf0379dbd189f9
assets/minecraft/textures/block/hopper_outside.png,16,16,82096147097d6f840c5ec550e0306bf506190df6db417c01a77e072b5719563e
assets/minecraft/textures/block/hopper_top.png,16,16,b6bb8d17e0fe5fc1ddcf8a9f4584d3844015629062876243850a079d506a243a
assets/minecraft/textures/block/horn_coral.png,16,16,f0c0ef991a3ba8f6c31e12e0c43ab395a78f472b0515a48e130b8e69ff241ccd
assets/minecraft/textures/block/horn_coral_block.png,16,16,76c24fbadbdd6c17bb7dc718dc180530ea42ad5b16eea740d85be1641e5a774d
assets/minecraft/textures/block/horn_coral_fan.png,16,16,2e5dcbfb962e28a4a91172a605b4a19d9707486081a280d1de1dc76dd3e17599
assets/minecraft/textures/block/ice.png,16,16,5714a0cf500bfdc7666ef8965779c171bb3ac23c6c7fe4bcf120f9e6cee07402
assets/minecraft/textures/block/iron_bars.png,16,16,2d858868e57ac92d203b82eda3d39ad2badd0000b89be37c21fae3e643b63779
assets/minecraft/textures/block/iron_block.png,16,16,b13979f2c26a9d55be8910e76e2d65d52505e3947be59c1115df0afe758e55be
assets/minecraft/textures/block/iron_door_bottom.png,16,16,9833c932700bd86175684c0b348d03c7d4623237de9efac2fa0bfa8d785bf934
assets/minecraft/textures/block/iron_door_top.png,16,16,2e86ea528e5dc5794dee2a5cb03f78fe1f0fcfdfd37b7486bdbf8948919951ff
assets/minecraft/textures/block/iron_ore.png,16,16,af864e4f225fff7b54ea859225755ca9e597e40d531643e9945b121634fe6376
assets/minecraft/textures/block/iron_trapdoor.png,16,16,6b33054575975c9f3677d8897f6d281a243fec74d59167a3a95487e6ca13c583
assets/minecraft/textures/block/item_frame.png,16,16,f3d4091a78c25ca8b79b1f33030550a4ac364fb3bba7f96ab21ef581358ded8b
assets/minecraft/textures/block/jack_o_lantern.png,16,16,deb73795c12371a03b4a8214548830bb1bf47d3b6fe7e611b353f26aa33cef43
assets/minecraft/textures/block/jigsaw_bottom.png,16,16,5418fff71fc5b8b95b6798b9c165ff1b5361176d9ddbc4c9f706c270faaaf4aa
assets/minecraft/textures/block/jigsaw_lock.png,16,16,e33c8fc04cd06b4b701c0e251783bec67bf0bc02e95a3107ca9695b33766756a
assets/minecraft/textures/block/jigsaw_side.png,16,16,4d21337c74089ebbfc41e358ba46202ca3b1cec0f374cf9a774523a3336c664d
assets/minecraft/textures/block/jigsaw_top.png,16,16,66d30496e3e2c1eeb827cc1141b653647621ff3d79942dfdea102bc675ea017e
assets/minecraft/textures/block/jukebox_side.png,16,16,d9e860acfef760c2dc70027ea889f5a3bd5c9fdea88fa882cc051b2960ba9cc0
assets/minecraft/textures/block/jukebox_top.png,16,16,9f43b3887df21751502d25ca431c239a8c33a68de6d73a3d6b4d1057fc82b794
assets/minecraft/textures/block/jungle_door_bottom.png,16,16,f16eedb2af1dbcc134e3058424a681f789fd7bc98e5db42ef1bb98369ce0002c
assets/minecraft/textures/block/jungle_door_top.png,16,16,f4c82abf8321e66cff496fb7b11c8b56165b7cd58ac9bcda7e55ce43954f03bb
assets/minecraft/textures/block/jungle_leaves.png,16,16,3f1b12ef839193a5b130cd31470858bc46b3e97635749ad063a94cf760984e1a
assets/minecraft/textures/block/jungle_log.png,16,16,881319c31659e6b6eac65515e5161c6321f34162f31d9be1984afe310b4039d4
assets/minecraft/textures/block/jungle_log_top.png,16,16,bf78950af0386b3da0cb9b25457753a31c4c762a0f62dde179fceeae683ec462
assets/minecraft/textures/block/jungle_planks.png,16,16,2e1b0424ef53a0e1ee9a75311d0b587ab914480475800b03299d01908b4aee4a
assets/minecraft/textures/block/jungle_sapling.png,16,16,80dade692c2c7918e8653482a6e5072615b79200b42f1d9e20c67e8ac8e87e05
assets/minecraft/textures/block/jungle_trapdoor.png,16,16,eaa1b1247c08e2d7785f7c9d5b9bbb6f9bffadfe05fb106a68bcf11e366f90c8
assets/minecraft/textures/block/kelp.png,16,320,33dae79b2f5881a0ef44bfa2e4d1cac9cd636549a6c09be5ee376dba7ebe1ca9
assets/minecraft/textures/block/kelp_plant.png,16,320,4fa41f985742821a756a0e228b73c21129a797408cd798bb18671226972ff718
assets/minecraft/textures/block/ladder.png,16,16,04ee25413328caf2421a1f4e484b519a21c49827b18cd5fd46314ca00075f412
assets/minecraft/textures/block/lantern.png,16,48,2c1d1d2cba9f9ce717b23404be7d2977ce706f807e9874fc255a7b4a3114aaf4
assets/minecraft/textures/block/lapis_block.png,16,16,77bd60dfc1827d2d4ae823bbd47e73a0de4a4d3794f298b60aeec520f84cf3e0
assets/minecraft/textures/block/lapis_ore.png,16,16,c6793cf74aea8813a1adbb136087fdb05e8c62d251d574de7ee7588ac9ab0c2d
assets/minecraft/textures/block/large_amethyst_bud.png,16,16,5d11fa04811b8b9671eb3e6b0c4edc0a6d19372dab385484055174fcb32ccd4b
assets/minecraft/textures/block/large_fern_bottom.png,16,16,15d11d37d516a01399fd6f81da2a99cba3c108e8fe6e5887d5f896da71a6a7ee
assets/minecraft/textures/block/large_fern_top.png,16,16,13134b57910f50e125751ec36ffb23b841dcebc647b17ffaa4409df8815f571c
assets/minecraft/textures/block/lava_flow.png,32,512,b0c7fe1a91d2425747bea5b12731f6416af82780fadd66c5781835b7f2ef5865
assets/minecraft/textures/block/lava_still.png,16,320,6940e937d0c1bd64e87baf5e166ca37134e44ba929bc1cd46ca18775bbec23a3
assets/minecraft/textures/block/lectern_base.png,16,16,517be0f1bb2332a533d7d99a9d91677dfcabd0553757604f3f5843b078a34f80
assets/minecraft/textures/block/lectern_front.png,16,16,c93315aaf11f2ebf994f0294b8775b6524d939faddded3d4d30b31fa40d83f7d
assets/minecraft/textures/block/lectern_sides.png,16,16,05d888af800bb37ea86fa9ba93aa55d2c819af80212516e7ddf87a75fc97da3c
assets/minecraft/textures/block/lectern_top.png,16,16,f178ae0114dde653a75a83fd977a1b91e0e00b7c7da2a1ef2cb1511e5690d141
assets/minecraft/textures/block/lever.png,16,16,aff928c7f11f56fe4f41a4e0dc5365c067a5a33fa099e41f789cb053f6fe6403
assets/minecraft/textures/block/light_blue_candle.png,16,16,f254368469398a427afe1bc066eabd101aad1afd5d0f11cef33496038904071c
assets/minecraft/textures/block/light_blue_candle_lit.png,16,16,810d4c159ac6d13b80abae72b6e6bbd9cfb5c40ee464abb5a0377ea127e4eb88
assets/minecraft/textures/block/light_blue_concrete.png,16,16,3f26c5ee694098f168e62f0003ea2dc30d5fee9a1e24c770f8da9d2167fcbae6
assets/minecraft/textures/block/light_blue_concrete_powder.png,16,16,dc9289ed6d827795c2dde1e023d8c2ae90594e84ae709f3129fdd04066b1e894
assets/minecraft/textures/block/light_blue_glazed_terracotta.png,16,16,8759cc7029691a6dccd39400828a99ab40f027bb812e874373d6eede99111291
assets/minecraft/textures/block/light_blue_shulker_box.png,16,16,4ed9138ba5a220e894655dd65dd18b56c946b446216529f9c19c9eca91f47955
assets/minecraft/textures/block/light_blue_stained_glass.png,16,16,9e42d238c974136ca7c16ff434c825064b78a4d82341708638a76ffd844c544f
assets/minecraft/textures/block/light_blue_stained_glass_pane_top.png,16,16,6315dca8278d48d5d220d3ded835f735f2241950519f15f35eae217ef0908dbd
assets/minecraft/textures/block/light_blue_terracotta.png,16,16,b7873a7018dff55ce50e29655e28067edb7298433830028ee2ae08a358af6e5f
assets/minecraft/textures/block/light_blue_wool.png,16,16,e3baeb093a1f03fa44b1538732ac3dabe6fe5c9d26178acd0d31e9fd8213236b
assets/minecraft/textures/block/light_gray_candle.png,16,16,c6a6b89b2951be1a5a3e7ab23b17f1465c85d93762d62885128a3c96634f0f18
assets/minecraft/textures/block/light_gray_candle_lit.png,16,16,349bd005383c01e35370599cd63b95b56171c23596991a9c513799145068202b
assets/minecraft/textures/block/light_gray_concrete.png,16,16,ed66852c6241bedc840cf6d547c114b713561a31e5be9046109009358648dd43
assets/minecraft/textures/block/light_gray_concrete_powder.png,16,16,a0752c63ce80111874a5eff4cb552754a1d538ed864caffaed8d8a1578c4414a
assets/minecraft/textures/block/light_gray_glazed_terracotta.png,16,16,9acb16a327204785e15d54b92564d62dbccd2a0b59538027d74891394aae9f05
assets/minecraft/textures/block/light_gray_shulker_box.png,16,16,97a1427fbad768e8c5491e3bfdc02e3c4d1bf6aa272dff610edfaa122bbd0282
assets/minecraft/textures/block/light_gray_stained_glass.png,16,16,be543d3ad17a329c69b7496bb45ab5ee34d6cb174b35a50c72a871dc45caf1e8
assets/minecraft/textures/block/light_gray_stained_glass_pane_top.png,16,16,3b99a406433dad805fc62c2704b52e0a033939be52b8d05c5466b8ce7169538c
assets/minecraft/textures/block/light_gray_terracotta.png,16,16,fd6a1459926dd8eb3fa8dccdb5ac784564e295036fc47dd5ec11136fb1a30d1a
assets/minecraft/textures/block/light_gray_wool.png,16,16,1ae3b18f1ba8869859c5d960628110a62a5c20a94d2397aef0933af827664309
assets/minecraft/textures/block/lightning_rod.png,16,16,87690f8a45273383e0d4ba99fb8e5e6c55ab59fef5db05f69659089c74d762b6
assets/minecraft/textures/block/lightning_rod_on.png,16,16,5712812059bdbfc031aa008713538a36771802bcc80c4426a5984fd4cea1db2d
assets/minecraft/textures/block/lilac_bottom.png,16,16,ff47c16351425f6f292d5da6388715071470b057a3a5af217affed12d4d386e5
assets/minecraft/textures/block/lilac_top.png,16,16,f154437ef0ada77dfa83075c0492dcbea985a33172adca70e5cd80ff6b812c27
assets/minecraft/textures/block/lily_of_the_valley.png,16,16,2e4ade9ba31801d95ff4e112e9bd2a6766de35b0fb54dc951e72351f1f72d19b
assets/minecraft/textures/block/lily_pad.png,16,16,026092cbef3c857290c7584a0c5f2cfc8f2d03bd1d645ea5e5f0ef84f50d7504
assets/minecraft/textures/block/lime_candle.png,16,16,5a92f406a143492ef7ce905191c0b832c52f8bb285cc138af710e28902c03793
assets/minecraft/textures/block/lime_candle_lit.png,16,16,5f5f4f0db9bdc9134c993de081017995da8929bd5d53b1d8c79ffab786608bbb
assets/minecraft/textures/block/lime_concrete.png,16,16,8547b66bfcb5ffbc4a786f745978fb26eb1fd9356a4d154cee800051b1215ab0
assets/minecraft/textures/block/lime_concrete_powder.png,16,16,75d02782fd0a3426fe30c79d28f62e8fbe54c63810524b1522d3788fcf9140e5
assets/minecraft/textures/block/lime_glazed_terracotta.png,16,16,eae497bf4acccad4e09127023b031be62138ede6151f875138d5442de54f0383
assets/minecraft/textures/block/lime_shulker_box.png,16,16,d888d507f19b8dae67f2e8c7b24265b77804e45baaa56713d1f91388b0f9244d
assets/minecraft/textures/block/lime_stained_glass.png,16,16,dd7e27b22c7318ee27bc3eca7686a1eb9d960b25a9c723793555cb8e3ca7b69e
assets/minecraft/textures/block/lime_stained_glass_pane_top.png,16,16,d2c2ca123203a6d631c039d5192c786c18e06bb3444408a18524c3ab2163ce96
assets/minecraft/textures/block/lime_terracotta.png,16,16,65443c5e6988278d42cdbd1a7e23d97f5125bc0e43031537d2d3e2ae1dbea5a7
assets/minecraft/textures/block/lime_wool.png,16,16,534d85c2efc01b5aa9d3cdaf1e7d58959e5a951c07c2a54024578a4fad0daf28
assets/minecraft/textures/block/lodestone_side.png,16,16,9bbd856b5b6b2a124de11e7120021686845a52b1ce80a62a694c344b2be041b4
assets/minecraft/textures/block/lodestone_top.png,16,16,a3549c0d27fa3fdd1c796534bedccccc3b040adcfd02e88621a117f5ce66e452
assets/minecraft/textures/block/loom_bottom.png,16,16,02ff2b22a3025bbd639e149a22238e42c5fcc006c2fda82c9025dced30fdf5b1
assets/minecraft/textures/block/loom_front.png,16,16,ba888e1900f9335f5cbb484d271e1761bdb976fbafa8410b9587f921fd5c867a
assets/minecraft/textures/block/loom_side.png,16,16,1285bd203e3e0f5c10bceaff979fa3d4ce658783817d0f67c1c1571b11ee7311
assets/minecraft/textures/block/loom_top.png,16,16,9fb3a60cbb20a2e54809fc2091667a584cb67ada6d260bce544613db35a2cb60
assets/minecraft/textures/block/magenta_candle.png,16,16,4a2196c8da509ebef5179fa88da3c85fda4a1a99d9d806ab4e79d828f9d0c9ac
assets/minecraft/textures/block/magenta_candle_lit.png,16,16,b5b6d44ec3a0008af67ce2be7f22d4a174fd236eecb0879f01c9e51710a1400f
assets/minecraft/textures/block/magenta_concrete.png,16,16,b231af815f7729b6ba9354f4590bfecec60578a65f8dbc43ea52f60d2954ef11
assets/minecraft/textures/block/magenta_concrete_powder.png,16,16,6c5350e2409678db2f31898f63bd511bc71496d6c4934ae76600d67609a0e6e5
assets/minecraft/textures/block/magenta_glazed_terracotta.png,16,16,d9262050c538bcd4c5b86a22af93f06d8e8ab2cced8a8aaa54c060df2c84333c
assets/minecraft/textures/block/magenta_shulker_box.png,16,16,dc37e219fb7eee33248ab9fd31dc558dd7b7560c4181622a1fd5aa66b2255a58
assets/minecraft/textures/block/magenta_stained_glass.png,16,16,be07ea9fb37ff7f8c94945570c2ea2864a7080bcf16aeef7decea7479d9c73e4
assets/minecraft/textures/block/magenta_stained_glass_pane_top.png,16,16,6f15e858211514044a90d52c9f2a895d7c3f1a816501aaa656611edfb903639f
assets/minecraft/textures/block/magenta_terracotta.png,16,16,04ec5e50fd07b4de88543d6ef23e914bf755a5061aa4a1e7aebea271c72f46db
assets/minecraft/textures/block/magenta_wool.png,16,16,641d2348440a5ad4ce37804a31e58981581d41a2af81feb4aa559912d752b7e0
assets/minecraft/textures/block/magma.png,16,48,b5abcdf0675a26b54140cbf982c1835492951a2faa627002c7b528e18781e722
assets/minecraft/textures/block/mangrove_door_bottom.png,16,16,a502cee4b114394e6c3703f958d9341c86fe0e9f2b067e76c3b860ef3fbab3dc
assets/minecraft/textures/block/mangrove_door_top.png,16,16,e6e6ef4a2b935500eb04243ecd178e4e4c30e3d9b054ec4c004a686ab713c260
assets/minecraft/textures/block/mangrove_leaves.png,16,16,e77d4c368dfd05afa1781da136740f228a0dffb9888c840edf44f5f7e0f4cc08
assets/minecraft/textures/block/mangrove_log.png,16,16,68f4924c864d740bda168c632efd8459abe7f19e651c65032a18b3e44df7a418
assets/minecraft/textures/block/mangrove_log_top.png,16,16,9343b34d6437861d7db8f6aa502a8ddc5b253031ca4f9fc5459322a3762b3a16
assets/minecraft/textures/block/mangrove_planks.png,16,16,582c70c05e03e16c2e19289cc0f5358fd595c66d3c8ab513fe12f6e6b592ccaa
assets/minecraft/textures/block/mangrove_propagule.png,16,16,0779cf7b03f7ad3a19eb9a49725b02d6a04169c46fe09ca3e3716d2da5e32ab8
assets/minecraft/textures/block/mangrove_propagule_hanging.png,16,16,1d056847b7b40bed84537edea72fc74e7a611bac6ee459e1aada3cd1b1b00c43
assets/minecraft/textures/block/mangrove_roots_side.png,16,16,66a634ce270a881b939088c16c3569b090283a5d95e591dfe77b533c9eca7b85
assets/minecraft/textures/block/mangrove_roots_top.png,16,16,b5fdcbe8fb49cb6fa0796ee7d1f3d0e4e0feee03ff90d5d73b333633c1776984
assets/minecraft/textures/block/mangrove_trapdoor.png,16,16,f7d76ce995b8eacf48f131540d0124377b2ca77e69a995f88e8c345edbadc076
assets/minecraft/textures/block/medium_amethyst_bud.png,16,16,a7609ca5d8bbbcf7a2a3f820b5e2b5fe84334d539665a4b6adbe3b7d6afaeada
assets/minecraft/textures/block/melon_side.png,16,16,2799571c6f5f143d1e1644fd6c4843c40d35671039b1d3b6dacdee16ae844fc0
assets/minecraft/textures/block/melon_stem.png,16,16,ffbf229bd2ff13ff410011ed6172d35cc56dfa364c9800791c1b1755651dbad6
assets/minecraft/textures/block/melon_top.png,16,16,ecef3619bc4d2135bbf23f8c13eacb4adb28ac84303c94be8f42376ab7cc6db7
assets/minecraft/textures/block/moss_block.png,16,16,0556f3d0f2ee7407e7d6761dd1f75cca330a83f5c19a506200531cec8a531052
assets/minecraft/textures/block/mossy_cobblestone.png,16,16,e231e82a9460bf8b6748cad48508fed00462157506db7a48d958c9a92c7286f1
assets/minecraft/textures/block/mossy_stone_bricks.png,16,16,eda5439ff3a7ff0ad61864557d7373b2ade44530ffe12211c3296ec06072ddff
assets/minecraft/textures/block/mud.png,16,16,c462f202f1241b3de792e91934e850fdc80542a138e82ca6db9b332cbfdeee4e
assets/minecraft/textures/block/mud_bricks.png,16,16,f5127d8a356391e0921fd3be658791f22df36ad6dba5ce684c47ca2b7d62adca
assets/minecraft/textures/block/muddy_mangrove_roots_side.png,16,16,bc37dda1bdf5e6b5b523a3025b845ed726790b8ca9665d9fe81770475aa3fec1
assets/minecraft/textures/block/muddy_mangrove_roots_top.png,16,16,12984e5714e62ffd62b4ee86bd8009678d15af4e67c74a3d82ef345b38ffb833
assets/minecraft/textures/block/mushroom_block_inside.png,16,16,a5ed2a148419039f551821360cffe6d09db70d05ae6b8b94fe7881b7a6348347
assets/minecraft/textures/block/mushroom_stem.png,16,16,d17b763e685ac5a0dd01908ac5329c9e4bfc93247f3b5a6a1495f5697e74329b
assets/minecraft/textures/block/mycelium_side.png,16,16,e667c0cbcb84381b85af9e8b038e37c71f1addb194f85721b6132b1a4fe9a334
assets/minecraft/textures/block/mycelium_top.png,16,16,96bf8f88f02e9b3957c74a6b1c2bd9020abf58be355b50f6c03557083d7734d6
assets/minecraft/textures/block/nether_bricks.png,16,16,c7ca1056eaf57c739735eeb59dcd6c7b9cb559055a48307b13764a01813c16e8
assets/minecraft/textures/block/nether_gold_ore.png,16,16,2fd439d4b4fd31710d44bf584b35ef3386597344937a5e33f18e1348d4126da5
assets/minecraft/textures/block/nether_portal.png,16,512,7ba1a700dbb3cd62285b3085bce5f042c744f2a1d47cd984656f8bf1bcb661db
assets/minecraft/textures/block/nether_quartz_ore.png,16,16,803f7131c241eb111432ff1d9317af95a0b8dd471bf972811ae16ee2a388026d
assets/minecraft/textures/block/nether_sprouts.png,16,16,a626a7716f5127f8d77aaa0972eb0bacf5dedafb56be62d8fde296e61bb599d9
assets/minecraft/textures/block/nether_wart_block.png,16,16,6fe0fd7b1520bbef40e72aa1d1b0b8ff7097dd46f091e648660ccc774670bed1
assets/minecraft/textures/block/nether_wart_stage0.png,16,16,208ff03180998517dde7c6a0972fbe604b1a20c41ec81ebe2af92b4822a71080
assets/minecraft/textures/block/nether_wart_stage1.png,16,16,6b4f354713d6c87c4b429d23810931f5c9980023ce6cdd9499ce4f4c281a7113
assets/minecraft/textures/block/nether_wart_stage2.png,16,16,69880a3076c30aea4904487457a120aa83857cbe1a5c4d1ea359d69e8ededed2
assets/minecraft/textures/block/netherite_block.png,16,16,7fa3a9cf7cfd4080b4166c136a57873d2684c4c7ed08bb5eebe7f44a7117fcaf
assets/minecraft/textures/block/netherrack.png,16,16,049ad49afec08357297f4248609d83e9bdfa973ec34a8c1fc25b7d8ed54698a8
assets/minecraft/textures/block/note_block.png,16,16,f25df100deb66e33be27608a76304538e8bdda5490fd58c675c2e72281268f2b
assets/minecraft/textures/block/oak_door_bottom.png,16,16,2f162e4f1b165986811cfdbee9434deb3cb512b3f210292a186f504b65d19fee
assets/minecraft/textures/block/oak_door_top.png,16,16,5a401cba3322770f653f129d8c1fa0c833baa09a35c2262de84955112f721112
assets/minecraft/textures/block/oak_leaves.png,16,16,940300243c1efd72fcaad15c022039f1b31764758608c72777e5039becd4e8cc
assets/minecraft/textures/block/oak_log.png,16,16,b143bba2c6d1d69183a2114e016f428fd64429dc2d446e3913883918fd87af27
assets/minecraft/textures/block/oak_log_top.png,16,16,be736a49b725746cb7dd2dc3497407d388e0533da4c7a522bc4f71c9547f117a
assets/minecraft/textures/block/oak_planks.png,16,16,3b00412fec87bd07b83825b86de49bcb6c186ca7799f41721a36b04e5d8ed161
assets/minecraft/textures/block/oak_sapling.png,16,16,83dd1d49c71d0bc31518cbda92b8cbc08702cdc2d2b29a7d737d632506c988d7
assets/minecraft/textures/block/oak_trapdoor.png,16,16,2e50a4a02bb369941c891fbc2057f6fd760455c18c1606591fcf21a62435a2dc
assets/minecraft/textures/block/observer_back.png,16,16,fba67e5afac02ffb66b715e0c1c54b157dd02f7c927bb80768a14abb739c5b7e
assets/minecraft/textures/block/observer_back_on.png,16,16,4d87f31a5671bca01cf5b1ec9623ab0e7aa4dc9f6098f4350612a4123fd2f765
assets/minecraft/textures/block/observer_front.png,16,16,70a6f34d985bf2a15948e9c79adc1e2afe2aa05700abc96ba63d197201c9814f
assets/minecraft/textures/block/observer_side.png,16,16,2fbfd95eba0e9171e8771371b83777c740c1f6eea2af154ccca3ab5afa0aa0e8
assets/minecraft/textures/block/observer_top.png,16,16,bec81e9b548b59f912471ac7c3396f4d1e5bb2b768b47bdcc90f73104bbf3cd8
assets/minecraft/textures/block/obsidian.png,16,16,5a22e88553ec5a8aefc0804a157ce6881d74f593f03246994751a18a35160b29
assets/minecraft/textures/block/ochre_froglight_side.png,16,16,f20f9fbd0582de93e891385d725729ebbffba0d97116b4540ca6f081adf90868
assets/minecraft/textures/block/ochre_froglight_top.png,16,16,02fd1ad5460abe3c69fc5d635003eed934b7f31a0c091e0fa483a28fa3ddf08e
assets/minecraft/textures/block/orange_candle.png,16,16,f265ed9f6550ad40b24abd71e8296c884c5311dc620dbd51756ae08ccbf34bcf
assets/minecraft/textures/block/orange_candle_lit.png,16,16,74cc4d60c17e034d2d80b52053e47afe5d950814bafd8111723cc5b261fe0f27
assets/minecraft/textures/block/orange_concrete.png,16,16,0646c68794108102fbca9b820b0746c8f0aea6a5add7c59485d48803b5f7e166
assets/minecraft/textures/block/orange_concrete_powder.png,16,16,0fcdc0a420adc3762f305335d218c7513b913a713e852afa9a9b1950550cf025
assets/minecraft/textures/block/orange_glazed_terracotta.png,16,16,661adb5eb8117ed0dee8f14607cfd7408b843e921d8f31e7149c0aa2d1b39b6c
assets/minecraft/textures/block/orange_shulker_box.png,16,16,7fb81d0f189278b5a721c5c61e37b26a91f1ff7de73369477d1113edaa7b071c
assets/minecraft/textures/block/orange_stained_glass.png,16,16,136ad613ee1da3520bc980cc8376abd3cf1dddb886cf89eaf37820ca051711ab
assets/minecraft/textures/block/orange_stained_glass_pane_top.png,16,16,09b15047b4e70d36c12059e4672039b43970ba29dcd8baf59a5c2be3c12cb6f5
assets/minecraft/textures/block/orange_terracotta.png,16,16,7bae57ffb39843cbe778cb35696ee43d1060c050940209ce5d188e56aab77522
assets/minecraft/textures/block/orange_tulip.png,16,16,d4685f7ac70a5b380e6b1a822089abbe0ba0ae5eb4ced5c19120a41be4da42fb
assets/minecraft/textures/block/orange_wool.png,16,16,7db443ca7d626e340877a5ea14e6fd4d9b76a7ec40e6599a3c05747a12c60b64
assets/minecraft/textures/block/oxeye_daisy.png,16,16,46ab3aad6d817dd855214e6ae28e75bc0982efca22dd4e93a3e53b3a90dddfb5
assets/minecraft/textures/block/oxidized_copper.png,16,16,17eed8682317770fd3f2985873eeae17506f38274f5eace9a42e86c7c5eee06c
assets/minecraft/textures/block/oxidized_cut_copper.png,16,16,ea5fb99d461914caad9a832c460f94c102ce8d66528e9049e3ad9b3fd31009b0
assets/minecraft/textures/block/packed_ice.png,16,16,db15e8554a9144b279b47a0725d096459df524145fc3c0873f0928ea26b7ff8d
assets/minecraft/textures/block/packed_mud.png,16,16,418ee652f3073e948f3752e8e5797618476b16df353770e08e1154688ad692bc
assets/minecraft/textures/block/pearlescent_froglight_side.png,16,16,afa493722c71327c5e7cdb63ded521636424918564b01ae7014f7ee835e58092
assets/minecraft/textures/block/pearlescent_froglight_top.png,16,16,38cd22ae1bb79e0cb9a4588496d7473154cf2f0afb9d2b7456b46845bc9b8b75
assets/minecraft/textures/block/peony_bottom.png,16,16,33bb3d67eadebdd0d16aa16d96ad8a54c777955667e666dfc9c36c7e29db4505
assets/minecraft/textures/block/peony_top.png,16,16,b23fb371f24002eefc38dc3c68fc4283ec86eabfb5db3333d1081ba8398eea8e
assets/minecraft/textures/block/pink_candle.png,16,16,089b0abf1d9b74c6f8fe204e1e6d610d2cae8406bd459fcbf39ea3aa1b9f17fe
assets/minecraft/textures/block/pink_candle_lit.png,16,16,50af3e6a03c2d5026e1758cbf4fc6149262b70c421668263a68c558aa1909605
assets/minecraft/textures/block/pink_concrete.png,16,16,d19a8b81799e7e9481053a6022e7d7ef9dbb93d92d762a95609899279c26e623
assets/minecraft/textures/block/pink_concrete_powder.png,16,16,ada3301e43202bd151d2de1cc9362a8401506d992508056aede2e5d2f6256d5f
assets/minecraft/textures/block/pink_glazed_terracotta.png,16,16,56e172dd7bd3bf06fa1a7df5d08870019ce48f7fd1354851a3f7fbcdabef378e
assets/minecraft/textures/block/pink_petals.png,16,16,f67c739a847a817d6f1bd566cc8f8a9172b38d2481f9d3e528416c11e307c233
assets/minecraft/textures/block/pink_petals_stem.png,16,16,86622b67af968e48c78539b8d9d958123890af17c5a03f28348015d6f10b42f5
assets/minecraft/textures/block/pink_shulker_box.png,16,16,06b6be7ad5329180eed09aaf61063e77f3d48d41019bfca371525ad81a6e08f4
assets/minecraft/textures/block/pink_stained_glass.png,16,16,f0ec69c010c1483ede08e4f97366f265e4955907f74b7df8ebb3f3c94b01d025
assets/minecraft/textures/block/pink_stained_glass_pane_top.png,16,16,42336b58bcae96e4459a39feb440166404cb9e41ee59564fd0a9e4c3b65e00ad
assets/minecraft/textures/block/pink_terracotta.png,16,16,3c5d2cb4071aaea6730f6c43e46048deacd10ea630f668a869bfee36e561c263
assets/minecraft/textures/block/pink_tulip.png,16,16,b0c9a0fdf3430f5ffceb24bcdffb9a5f250a31ec71b2f837ab17b0b86b24259b
assets/minecraft/textures/block/pink_wool.png,16,16,e262eaad99d6a30649f03358e7b0dc0cedd466953f0a2b03aa88955ae7f97917
assets/minecraft/textures/block/piston_bottom.png,16,16,320ba58de04f3af18415cb4a71a0068c75129b5816c4f87980532cd7db6fbcea
assets/minecraft/textures/block/piston_inner.png,16,16,2303a5c0acda49746ab9570b29aa4b00568b6aaab3bd0050b4cfb32f6e357e88
assets/minecraft/textures/block/piston_side.png,16,16,ee0373fb6ad8a67b28e96cd267276917e131dc59263d1a3fb9736cf34b53e11f
assets/minecraft/textures/block/piston_top.png,16,16,6c78293024deffbea320b7ccf21ec1291f407e879ef8384fc0c8e353bbfbb303
assets/minecraft/textures/block/piston_top_sticky.png,16,16,fb16fca22e36bf51af3903227cdc17b7d5037602681bc8f28493fe87cb3710b6
assets/minecraft/textures/block/pitcher_crop_bottom.png,16,16,8294b709843038ca6f4bd8ecfbb88039a05aa0315f8406249dcdf3f80183390c
assets/minecraft/textures/block/pitcher_crop_bottom_stage_1.png,16,16,911e79785fda46abdde5e4d967ba2e1b7937c7ea6331e59efde31716004a5e2e
assets/minecraft/textures/block/pitcher_crop_bottom_stage_2.png,16,16,f41bbf69380935f6b6d973f306bf9d6e215f2d37909edc266c06f36d419a762e
assets/minecraft/textures/block/pitcher_crop_bottom_stage_3.png,16,16,b0614bb24df83e5aa2c081fb3735a3afba7df96ee43409a3b5847b21ae82a076
assets/minecraft/textures/block/pitcher_crop_bottom_stage_4.png,16,16,5ad54dd435b9f8f0642ff704ff8b66734ffb442b1854e912a96cf56d1a08682c
assets/minecraft/textures/block/pitcher_crop_side.png,16,16,11563c759f7e2064ee1f338c6b4ca4610de7b3fc3756daec6fde5e11a45d0d1b
assets/minecraft/textures/block/pitcher_crop_top.png,16,16,f2f86b3e4e97aa8f605c5014c189bfecfaaab501b2dc0bd038e9feb333f45d0d
assets/minecraft/textures/block/pitcher_crop_top_stage_3.png,16,16,171cc9a1f7c102fbb82155222abdc1fc3df8823607c0e76ea3223743e38c29e3
assets/minecraft/textures/block/pitcher_crop_top_stage_4.png,16,16,3e380c5cf8c51faf5da2e73cf1748531644a8157597462d77fb947c5e053183b
assets/minecraft/textures/block/podzol_side.png,16,16,5af4d02181ca42d6c2efc66369339e1148a3b028deb288668594cbd6a1825499
assets/minecraft/textures/block/podzol_top.png,16,16,c3a28340cdcfac05751af15d90fc4ddeb3bfa1fb4ce93fabca92124520b49907
assets/minecraft/textures/block/pointed_dripstone_down_base.png,16,16,a1ac156e261aeb1611543f2deb1f686f481b12febe9a27fa719dfc29b1f98d58
assets/minecraft/textures/block/pointed_dripstone_down_frustum.png,16,16,f00bd9a37644f987e1191c78ba3c87159b0678c3dbc62044b44139f9065d7709
assets/minecraft/textures/block/pointed_dripstone_down_middle.png,16,16,6f92f15df2c7af2d6daa7d3f766891e0d7c1e4b9267bd8d1c8e3a27db389cab5
assets/minecraft/textures/block/pointed_dripstone_down_tip.png,16,16,172ffaaf4564635f5075bdc2fda723d76f743ef0524ace669018953c1a4d76fb
assets/minecraft/textures/block/pointed_dripstone_down_tip_merge.png,16,16,9ff300709716adeedf319f7049f9f83c181916fdfbfc69cd0909668c4b341f34
assets/minecraft/textures/block/pointed_dripstone_up_base.png,16,16,8a8259bd94da8a0debdee28109757318541ecc3e738f11f348c7d7f9dbb0219e
assets/minecraft/textures/block/pointed_dripstone_up_frustum.png,16,16,9f4b1c9273aeed6a807ff182b892fd0a0324b6f8e87004ebc3474a5c5f8b70ab
assets/minecraft/textures/block/pointed_dripstone_up_middle.png,16,16,640180939322ce3322e7ca57b52e76e1162d17d30dcccbf84743ee7091d930d1
assets/minecraft/textures/block/pointed_dripstone_up_tip.png,16,16,0120845cd8836a078aafe66256b1c967c0e2419321e7ed6c1cc6705e3c28215c
assets/minecraft/textures/block/pointed_dripstone_up_tip_merge.png,16,16,5e453046d180631922069d01ed420b89bc2f92097549f56db17692b0db5a97eb
assets/minecraft/textures/block/polished_andesite.png,16,16,519d3e10bc15e249539c7ff10168dae74d9fb684eae99f9a90ebdf036d8fab00
assets/minecraft/textures/block/polished_basalt_side.png,16,16,1edd8da1d6cd095cfc0c2707ed74cbc6e4aaf6d9bd91109a4eb71182ce50e7fa
assets/minecraft/textures/block/polished_basalt_top.png,16,16,8daaf8090323aca1d4612376dd481ebe5b1290db734d8f4beb24eeb33c0c8a1d
assets/minecraft/textures/block/polished_blackstone.png,16,16,b891da9f9e48f923db0793ee48cf46504e8d30d54f8a85e3a030405fc45a28ec
assets/minecraft/textures/block/polished_blackstone_bricks.png,16,16,f491807fe030f744eaf7e49b391ceba1efa2e05f786f29de6bea77712e340818
assets/minecraft/textures/block/polished_deepslate.png,16,16,7a7515d7b48d9a7088ceffc64b8d988088b2d8b1e24285be260687c9702fa576
assets/minecraft/textures/block/polished_diorite.png,16,16,2af8070ec15cd0ac297083d2f5c136cdfde3068cf50bb6c3224437983c99af2b
assets/minecraft/textures/block/polished_granite.png,16,16,e5ecdc53c533db6a82204b8638bd53beba2d9280053bce4747ea13676e2baad5
assets/minecraft/textures/block/poppy.png,16,16,419b360fb68a795a61100da382884aed41973ee9ba3c236d5a95e47d36462a62
assets/minecraft/textures/block/potatoes_stage0.png,16,16,e49fdeba4798affef4e7c217e580a6231d954473c977f08ab95566398c6abd28
assets/minecraft/textures/block/potatoes_stage1.png,16,16,9fffe9363411d30d270d9af1b59de14b2766224709f4089e4c05fd51796106a0
assets/minecraft/textures/block/potatoes_stage2.png,16,16,fdf05bc79f08706cf99cf1307a36fb512e15c42bfabecb53daa739e2a52b1e0a
assets/minecraft/textures/block/potatoes_stage3.png,16,16,da3f0662a760cdb17cf5e953c5ec8211995bdc9387e4227462d11162107800a7
assets/minecraft/textures/block/potted_azalea_bush_plant.png,16,16,33a536ba37556b5ef714977877e7ca0d0d55b268dc97bf07cf8762b0d0f719f8
assets/minecraft/textures/block/potted_azalea_bush_side.png,16,16,26be7d7d7d6e504de90d94f3135605757050758d8c45f89f83ac3ee30ae3d999
assets/minecraft/textures/block/potted_azalea_bush_top.png,16,16,477a37c957d398bb09b1fb3008657014f4195d9f7f1a055db134611e64c2159d
assets/minecraft/textures/block/potted_flowering_azalea_bush_plant.png,16,16,91babcc9ed500810bc41ea627e250145b2e464b92270fd28a58fad9b26de6135
assets/minecraft/textures/block/potted_flowering_azalea_bush_side.png,16,16,0b940ee5f506ad143ab95f4446f4ebc27173b367c48631eea3752e56e5da6fcc
assets/minecraft/textures/block/potted_flowering_azalea_bush_top.png,16,16,99b940a7a6ab571520010728b44a91c177a169f2852d7fd0d64355f1632dbf89
assets/minecraft/textures/block/powder_snow.png,16,16,5afb828a30052f8b041c2e73c738d38b9bb8a04c7540161270260dc21005d4d8
assets/minecraft/textures/block/powered_rail.png,16,16,f949950c842009aafa1cbd6f6117a3d9e61fbe8e9d02afdbddfbbe0b26cd2215
assets/minecraft/textures/block/powered_rail_on.png,16,16,d76082a4517b475946e36cd233bf1fd189fe567713ce82271e6f213b3e3c49a7
assets/minecraft/textures/block/prismarine.png,16,64,71cfff758c82d66b7ebad1efdc77d5f5b8ea22aed2734358d4a7a52519f120f5
assets/minecraft/textures/block/prismarine_bricks.png,16,16,feae2a391744ad837d0ecaa594126a5a9759d95e2e43814086dbf37a676e316e
assets/minecraft/textures/block/pumpkin_side.png,16,16,e89cd47711670d7e316eb678c5c0bf82d9553878d5074c4309b4f81611c3dfeb
assets/minecraft/textures/block/pumpkin_stem.png,16,16,01bf650e7b691db3439eb52aee56f9d0c4cd50123c2197f12ec565f5a0ac38d1
assets/minecraft/textures/block/pumpkin_top.png,16,16,6366b1ef167fd4f66df7d7220947cee7cdad1246f027b391f4f8a1bd19b5ecca
assets/minecraft/textures/block/purple_candle.png,16,16,4e4eb069c16593d426b66c1894c458f37e86a1b3bb23be51f100068f169d3264
assets/minecraft/textures/block/purple_candle_lit.png,16,16,eeab63fe3f5899557e95d9f4fe8bd5c6a514efc23588b577f918d3eb814fa005
assets/minecraft/textures/block/purple_concrete.png,16,16,230453fc027165bba8c86d8ae02aa1342f95f28a503436504c5a41aa1e53ac83
assets/minecraft/textures/block/purple_concrete_powder.png,16,16,e84b63119aa2dbeee8315b702440016ae94c294acb2a50e6a3147ca39ad5a415
assets/minecraft/textures/block/purple_glazed_terracotta.png,16,16,cc4f23b5de3624f5ffc0a2cf35034f087fcfbf0e928c588e528ef0a012069cb0
assets/minecraft/textures/block/purple_shulker_box.png,16,16,7be08c07807e57df547bf022daf4a3b9346bd86eba2905a8247f0b8caca5343a
assets/minecraft/textures/block/purple_stained_glass.png,16,16,da79fb23035869e65ebddf329c2f05b49217c30f6bf68d69e6488b2ca7630734
assets/minecraft/textures/block/purple_stained_glass_pane_top.png,16,16,a874defe348a097af15ae1677b7123eb6dd4501fe6607c442607d3a8677e9343
assets/minecraft/textures/block/purple_terracotta.png,16,16,58710e8a23e1a6a9e7475df241391bb9c91196c781e5e4104eb9f45de6d0b093
assets/minecraft/textures/block/purple_wool.png,16,16,9157b5ea6738f572ab795806831a239d26f8736af8bacdda1206729d55beb4ff
assets/minecraft/textures/block/purpur_block.png,16,16,55a46be29687c48924cf7820e7f22b1ef7b41b4f029123c3c5e6b841935d3985
assets/minecraft/textures/block/purpur_pillar.png,16,16,708a76caa034ab3f11a7989e5f3e0cd1b4edc11545bcf34c22b34f33fb9e0a03
assets/minecraft/textures/block/purpur_pillar_top.png,16,16,e39723b0da84397ecff57b77480f75fdd7c2465cc55f6ae3e1732ede250f26dc
assets/minecraft/textures/block/quartz_block_bottom.png,16,16,5b7d695d986be40c79453f227e46c44e2fd6d79f1d03efb430fded2ad3e942f3
assets/minecraft/textures/block/quartz_block_side.png,16,16,82faaa7f59818cb25509064cedbdd8b0ff0d296c28ba904eacb6abcc781fbff3
assets/minecraft/textures/block/quartz_block_top.png,16,16,82faaa7f59818cb25509064cedbdd8b0ff0d296c28ba904eacb6abcc781fbff3
assets/minecraft/textures/block/quartz_bricks.png,16,16,dd652780b4bd7adf5e32d953367f46eb03dbb8f95c7bd7f8601a6bd2050fd239
assets/minecraft/textures/block/quartz_pillar.png,16,16,51afdd5ee0900eaaeaf469cca5b32dc5dc093b6b70f4b8b5a4cf2602fef50df9
assets/minecraft/textures/block/quartz_pillar_top.png,16,16,0f90fd5bbcdf26d3023222379ec6dfbd97e07189a599350008c39db3b9fe7c15
assets/minecraft/textures/block/rail.png,16,16,fe6a43cc03999fd1d342683c631e22d6df8713ee328f047e3c43f009d124a14f
assets/minecraft/textures/block/rail_corner.png,16,16,3a85d1e70818ba9a2f57738df937a2a52ad7d4450f877c985a8a35e563e9699b
assets/minecraft/textures/block/raw_copper_block.png,16,16,c271dc6d96287766cf55756d9d7501fd57f76d3f3703ce070478a389d68dd0b6
assets/minecraft/textures/block/raw_gold_block.png,16,16,a6468f29c42bb47e1bfc61cbd2f6ad68990455ce82fe714aea933d4bdafbc5d7
assets/minecraft/textures/block/raw_iron_block.png,16,16,757a2995f1dcf40e9bc96baf6234a0399d2737982089939e74d45a469f53aa76
assets/minecraft/textures/block/red_candle.png,16,16,22a39ec7bf3add4a0385f1783d8ce6b1cfce7b1905ce421aab5988da2e464d6b
assets/minecraft/textures/block/red_candle_lit.png,16,16,0bf6fe1caa420cbf1de3eed1e093126f4a77a5c5b39693836213e7f67bf6c525
assets/minecraft/textures/block/red_concrete.png,16,16,3965d127cf7e67aafc926c6a0c516e3777417c7e0d33a09895104d9a60ca682d
assets/minecraft/textures/block/red_concrete_powder.png,16,16,ab035a2aec4412eeeb55aa792d269327d73393c75da3dd074d9493ab965d3bdc
assets/minecraft/textures/block/red_glazed_terracotta.png,16,16,ad2024bf61b26748864074abf2b52d53edb53b1165365a99731f31248f20763d
assets/minecraft/textures/block/red_mushroom.png,16,16,abeb8b575f4217b5eefc058b9de14252ca07a8667da1d446f0c02bc7343e4350
assets/minecraft/textures/block/red_mushroom_block.png,16,16,b5fd8515f608f9420c2b78a0a71b67eaf98e262d2912bf767f0a44e1a0add767
assets/minecraft/textures/block/red_nether_bricks.png,16,16,8ca17c8ed517ae0ace68007fa86b19679ecee3193b7406ae1b2a36d04975ea3f
assets/minecraft/textures/block/red_sand.png,16,16,8c20a79ca7d60b956299d616cd1af79683947ec5774aaa68bec63a46fcb60d11
assets/minecraft/textures/block/red_sandstone.png,16,16,fd28e3bd552a38bdab5c3ada6ec73253ec3f3f48ab47210300041ef67eee3889
assets/minecraft/textures/block/red_sandstone_bottom.png,16,16,351baac471b0f3379306f14e406fe9484766417aac0ef616c368fb17a76fc56d
assets/minecraft/textures/block/red_sandstone_top.png,16,16,f836322353149fa0ddbedef1ba24219b6880d56d054edfc55ac9c46fcd822681
assets/minecraft/textures/block/red_shulker_box.png,16,16,7e559c0e74afd3f1272891181d29f2954406c228a00260b44c3535c21cdf03c6
assets/minecraft/textures/block/red_stained_glass.png,16,16,bc2b8b14463483715ff4f5bfa43eaba657a41d376435f0c46a265452bc4c543e
assets/minecraft/textures/block/red_stained_glass_pane_top.png,16,16,678140f3d76a408f431b65fdb985ce2594dc10669f50829287002b8ff8d56d8f
assets/minecraft/textures/block/red_terracotta.png,16,16,e531a94e310f4f6b1ec9d07ed990f628b724a2f7f5040935162c9ca30c38fa93
assets/minecraft/textures/block/red_tulip.png,16,16,312a1f6c6e355909ce5db48880a5debf4d90b0aadf4a14a927992f02f2dd51c2
assets/minecraft/textures/block/red_wool.png,16,16,50617750dfe2dd50e76b80441f6452eb6574bf27ebdb0734046acf3a79263f87
assets/minecraft/textures/block/redstone_block.png,16,16,03d03fb3c459abc711874693b826a986b409035dbf8e93d90546dff93b3ea17f
assets/minecraft/textures/block/redstone_dust_dot.png,16,16,2af126f8cbbecee1adcb0f39e1389651b17a8ddfd5f20191181eb2343288a543
assets/minecraft/textures/block/redstone_dust_line0.png,16,16,1d20106910b0413f8f4bc0fba0bf0041c88c4530e01bb5ee49a3dae25430c18a
assets/minecraft/textures/block/redstone_dust_line1.png,16,16,30182562f5e50c56908a9e2d5effa5baa349d4957d2b1362d6b1276501ddc21a
assets/minecraft/textures/block/redstone_dust_overlay.png,16,16,8de639b48b4c9290bdda201eba48c5d00ef96a0cd558b391d0e8833da6f6be92
assets/minecraft/textures/block/redstone_lamp.png,16,16,030acd81a3fabc7b66da397c5eb3b47962e6a50641e43ab11709865166d6c6b5
assets/minecraft/textures/block/redstone_lamp_on.png,16,16,9e127b8733afa7d2542daa8d0c23edfee681f8359d9cfb2b52eeb7fb67339ed5
assets/minecraft/textures/block/redstone_ore.png,16,16,15f925f45786720e57211c208ddc3df3d76d4b41a4760d7fc1688d4e32eab71b
assets/minecraft/textures/block/redstone_torch.png,16,16,51a5b27b4572409b377fb253d80429ffae6a924fa61d7d8796ddce3c6af452be
assets/minecraft/textures/block/redstone_torch_off.png,16,16,b37d7c758987039434f942e8b139e8e5dc6e52e45c7d3f595f9d54a101a3fea1
assets/minecraft/textures/block/reinforced_deepslate_bottom.png,16,16,d0aae62ea1a7d46b1f20e1906e59f84a7f962aa9c8eae287cf54c870356286ca
assets/minecraft/textures/block/reinforced_deepslate_side.png,16,16,088b631889e97cc34147873ae3531a58798fed021b594ed9c44c4e63d08ac947
assets/minecraft/textures/block/reinforced_deepslate_top.png,16,16,db3bc13896108c038e183b5ed94f5b3598b789380cf84cc5ad205525180106e0
assets/minecraft/textures/block/repeater.png,16,16,9527282396bb1bf9bcc2ef2fcee1d856120a9143e80e047c06eaa349806fd6b0
assets/minecraft/textures/block/repeater_on.png,16,16,ad6f1411fe1072aa172eb5c5595e5c3275d8be52bd15f93e6345241767249dfe
assets/minecraft/textures/block/repeating_command_block_back.png,16,64,349ecdb90d2e276615289c081f18a7706dc5b04b66e699090b644957bb5a7d9d
assets/minecraft/textures/block/repeating_command_block_conditional.png,16,64,fd101398ed9b95ab43b6364b2b1328f4e472f56d7cbfff4927b2c519976baf3f
assets/minecraft/textures/block/repeating_command_block_front.png,16,64,d279ce9da300c751902511692b6a70239e7d289f2c4b7ae34818132a02b2d298
assets/minecraft/textures/block/repeating_command_block_side.png,16,64,7d2568e0e03ed4ae3b11b57334fe70d18adb5dc058d7f7836c5a6dd9c179474f
assets/minecraft/textures/block/respawn_anchor_bottom.png,16,16,f451b6cdba00688293abcd1bf4b88d3fdcbc75595dcd4a0fe09eb1d360a6b548
assets/minecraft/textures/block/respawn_anchor_side0.png,16,16,851a986a0e93bd19da00a7d5db17e6ddd98c726a42455d5e6a5855b7397346d3
assets/minecraft/textures/block/respawn_anchor_side1.png,16,16,7c364ff0edd1a32c4b77460ea4fbd4c34c6472d5e8bef7f7bf741df702a7d5c8
assets/minecraft/textures/block/respawn_anchor_side2.png,16,16,d7fd952eb1719b9d61358fa839c5321855691e0f78a03080d1e894179862b608
assets/minecraft/textures/block/respawn_anchor_side3.png,16,16,360d8ba9df3726e3b54312849271806647870fbb61d127360700acf0abe93b30
assets/minecraft/textures/block/respawn_anchor_side4.png,16,16,25c6590075dd37941f7f066d62fa9232fcd055ee3bf37f6fb671d78aa7379371
assets/minecraft/textures/block/respawn_anchor_top.png,16,512,03207f01cbf22dfa66caafb3ef4a40ed4cd958918903a422ab4361ef4781b14f
assets/minecraft/textures/block/respawn_anchor_top_off.png,16,16,a07fab87ab4eff0de1fe13924a28e8a19fb6216cf7906e5d95775cc3f8db8153
assets/minecraft/textures/block/rooted_dirt.png,16,16,07afa6c5b34d5d8662b94096fd6bcad1786755327e3ba9a6b36a5b9bc67d7c8b
assets/minecraft/textures/block/rose_bush_bottom.png,16,16,163f9e01cd07e17c463e838af01be316e0de7dbcabf74e8e54f7b754448370d3
assets/minecraft/textures/block/rose_bush_top.png,16,16,441faf87995a15334e7ef0a40372d20afefe8896a533283a74efc0adc05007c3
assets/minecraft/textures/block/sand.png,16,16,c2a632e6daa7e13aa11ce3ac496c90de1c0bc08d9f12b38af4c5c8bb7a8c1641
assets/minecraft/textures/block/sandstone.png,16,16,0b9288de5f054826d48894986cd16f5daea10a46533c7eb6d448bc9a2b94072a
assets/minecraft/textures/block/sandstone_bottom.png,16,16,acf3e6d2c3ddb23a76ce7fdb82939eda6e428ff037cbc7be6bd207128ba93bba
assets/minecraft/textures/block/sandstone_top.png,16,16,9b95bd77c36e7f3b1463b768eb83667d236885f19178015469955939b7cf971d
assets/minecraft/textures/block/scaffolding_bottom.png,16,16,c170b83592d370b0eaff75d62253254bc7372dead911043b296526d03b9842ef
assets/minecraft/textures/block/scaffolding_side.png,16,16,bcd51345d27f7cf48c00aca8a6b02414bbaec84be3db93d28f408f5b2415c855
assets/minecraft/textures/block/scaffolding_top.png,16,16,9d46ef66ba45ab14664e4b45dfb31c4028fb9ff594089ccb93ca7d13ce85927c
assets/minecraft/textures/block/sculk.png,16,64,b1d2e21f1dc579333cdce6fb825f8c2dc18c8efdec4c06e1f82d97511209252c
assets/minecraft/textures/block/sculk_catalyst_bottom.png,16,16,6de51b94a0583633de1f1668bc7a07774609274363b5017310132e361a504d2d
assets/minecraft/textures/block/sculk_catalyst_side.png,16,16,8f12c5c3695f19a8b8cdcb3ab4296ab800dfd6e144130168813529ef9ec8f190
assets/minecraft/textures/block/sculk_catalyst_side_bloom.png,16,128,6d7b33402b98d32fcb5551357e9e5f4b4624f91d0bc29e063680074f891dcd86
assets/minecraft/textures/block/sculk_catalyst_top.png,16,16,2918b77ff30f24c28c4509e9ed780fddcae94644a01d3e61e910cb2486c7106b
assets/minecraft/textures/block/sculk_catalyst_top_bloom.png,16,128,7505dafdc126ebcf91ac2fe88432d106b17b6177faa5750888a4a28b51a8d4e9
assets/minecraft/textures/block/sculk_sensor_bottom.png,16,16,c120e0c7acdeab367080dc670690ebd92834a2cd5dc43e4b5bc7daeb0e8eb0f6
assets/minecraft/textures/block/sculk_sensor_side.png,16,16,5e21a235e833fdb4ab5552591e793f44231460eb802ae2ef26895f4d47fd5d5d
assets/minecraft/textures/block/sculk_sensor_tendril_active.png,16,256,7011980cf3f353e5a24768d2ebd08947a29c11ed96d5612019add62ecb9a65b8
assets/minecraft/textures/block/sculk_sensor_tendril_inactive.png,16,256,ff0cd25da0b98934ba7b6a6aeb662f0b3d67f629e96e3ba1034d621cafe2eebb
assets/minecraft/textures/block/sculk_sensor_top.png,16,16,e09ef9b4f434703249ae53cd5b2c9c8c1a114c049903db41762fe3d2826576c2
assets/minecraft/textures/block/sculk_shrieker_bottom.png,16,16,c120e0c7acdeab367080dc670690ebd92834a2cd5dc43e4b5bc7daeb0e8eb0f6
assets/minecraft/textures/block/sculk_shrieker_can_summon_inner_top.png,16,160,0d5ac39af0973bdbfceb6f7afe2094d3ac34be873046e3ce68f6c8e04351cf54
assets/minecraft/textures/block/sculk_shrieker_inner_top.png,16,160,2dc41bd4550fae8a0acbc9968cf4c465e13f4ae98243a7f5d333054812d79096
assets/minecraft/textures/block/sculk_shrieker_side.png,16,16,9ed73df90f4e7f1ac74b56b9a1f8fa94f103b6816cc9b6a9cb76548a9b65f930
assets/minecraft/textures/block/sculk_shrieker_top.png,16,16,841c642085a3efc35ad85c3bf7a1aacbf14371953df5f8025e904406b5351785
assets/minecraft/textures/block/sculk_vein.png,16,64,194e084854b2491c466a03100e3cdaf633747e7f6c50402b1149b937e6aec73d
assets/minecraft/textures/block/sea_lantern.png,16,80,03e76d619654f358accae08e8bc4273f6b745d1b0bf065dde59abb91925fe52c
assets/minecraft/textures/block/sea_pickle.png,16,16,237c0146667057c6c0e21bbde51531c050fee549f267f5014d1b0555a63b41cf
assets/minecraft/textures/block/seagrass.png,16,288,3422a580bef1628dd149abba5c1a370bb097a9d250b94654727741232525e54b
assets/minecraft/textures/block/shroomlight.png,16,16,47cd4727b5fccbf146fe9fe8c0b4944fa96c4089865f8f61c8a7d6542b113779
assets/minecraft/textures/block/shulker_box.png,16,16,833a89471e5b829eb3cf3878a486405e9d0721fe24a0e5cfb184dda4fdc87b58
assets/minecraft/textures/block/slime_block.png,16,16,f4436518f247e911e835ed421c81bdd809227997204db446d2d4f1c358305451
assets/minecraft/textures/block/small_amethyst_bud.png,16,16,5a0069f682224c1c8f08042518e8b0824c46585b3ad4855bc6681cb230f7281f
assets/minecraft/textures/block/small_dripleaf_side.png,16,16,8bef8a5eaf4ed1074d018454642e571856d94cf76e0ea41fe64c435b3f3d504e
assets/minecraft/textures/block/small_dripleaf_stem_bottom.png,16,16,20a490dc8bcd7468334c931cae1eb52f713876f6d62af02c4a00e5ff0327fffa
assets/minecraft/textures/block/small_dripleaf_stem_top.png,16,16,0eaec7d7eee9be1107a6281762c16f0a097711cdf9527363965776e130bafe3f
assets/minecraft/textures/block/small_dripleaf_top.png,16,16,4db648738205b241e18dfd143d4323ba45e9acda86691167a09894f44fd54c70
assets/minecraft/textures/block/smithing_table_bottom.png,16,16,66678dc91427e6d592bafc161b7ac24e77d28df9ebbcb9bead5c50414e01f864
assets/minecraft/textures/block/smithing_table_front.png,16,16,a19c6e63be0f358f9c18641667d2de6b3d2725bc18e02a2df76fb2fba4987d4c
assets/minecraft/textures/block/smithing_table_side.png,16,16,4c1faedf6ace3e043713fe7b5c14e33d0bc9c5634b23dfca3ea1f2d65ad28b47
assets/minecraft/textures/block/smithing_table_top.png,16,16,fe66af06f2602def6cd80018181310f51dd1d0cb6364b9f37c021088cd2ed455
assets/minecraft/textures/block/smoker_bottom.png,16,16,abe274361d64cd80b709788c08d09727a80d176a46e64b7737d8461b8fcf18a8
assets/minecraft/textures/block/smoker_front.png,16,16,50327dfc3b446857aa12e803c2d193fcfa4b84a2b6b5a3751b90e2412a740044
assets/minecraft/textures/block/smoker_front_on.png,16,48,9d84cc6b3cdb2a8f2b780b08e97f4eda9a1bc2f5f434ef2aa945ae841a5955ba
assets/minecraft/textures/block/smoker_side.png,16,16,d3c93c488cde55c665b6956666519368725aa1e9bf9d31cbfee4811983e6c51e
assets/minecraft/textures/block/smoker_top.png,16,16,ba6a10c34d068b7f6faf2b768b794b8ac3ea02d46b1be2a0d9436347c6f8f3c5
assets/minecraft/textures/block/smooth_basalt.png,16,16,5ba814ef98e0035b0dfabaa213c18185c4bca8f1f2359df7531cee4d59954596
assets/minecraft/textures/block/smooth_stone.png,16,16,6a5d8da0a0e67fea182f698c3cfc8ade529763c9166b1836fa6eec6710329aeb
assets/minecraft/textures/block/smooth_stone_slab_side.png,16,16,974891f50e4b3eecef79edf1642f0453fa57c7cdaf21fb0a27d2bd8cd1f295d4
assets/minecraft/textures/block/sniffer_egg_not_cracked_bottom.png,16,16,307bc46472c5758abe67782a52a73ef8c942cb78102913876873b2ffaf657b96
assets/minecraft/textures/block/sniffer_egg_not_cracked_east.png,16,16,5cb47fb787a13f73108c523e35359ae662baf36525928ae92ac6d742e7f0c6f0
assets/minecraft/textures/block/sniffer_egg_not_cracked_north.png,16,16,1c825dcb7e94b7eb11ecb669584951afb855eb272001092b2c2ce05356377c56
assets/minecraft/textures/block/sniffer_egg_not_cracked_south.png,16,16,ef9ec644c629dd25afb2095fa58c4213b8c641f5a1d8417184dfc48168e23ba4
assets/minecraft/textures/block/sniffer_egg_not_cracked_top.png,16,16,4d7b106b1562d0d79d7a8ebd06f36de0621a3921707e830a06bc2e74baeb811a
assets/minecraft/textures/block/sniffer_egg_not_cracked_west.png,16,16,32ec1afc46ec14a527ec453071ab3f1d1f3d9a1c0cfb43631f7efd162f18eb97
assets/minecraft/textures/block/sniffer_egg_slightly_cracked_bottom.png,16,16,091d72b2eda43b9c3ace5617bfbf11307e234af49e81ae4544407e72debd356c
assets/minecraft/textures/block/sniffer_egg_slightly_cracked_east.png,16,16,bfe652b19e33fcde80bafea4abce324a6e8bffe42aafaf3a1697ce9fd94ffff9
assets/minecraft/textures/block/sniffer_egg_slightly_cracked_north.png,16,16,f90c9319cead9848489fe38bc13340cb236b5f936d929754c48cef85cd3887cd
assets/minecraft/textures/block/sniffer_egg_slightly_cracked_south.png,16,16,2f8654a5b76038a553e0b32ea336d57123474dba4f1464670133a3e15b1ddd22
assets/minecraft/textures/block/sniffer_egg_slightly_cracked_top.png,16,16,e5a536e504f6f00ba5740cb4fe05261cb750c756a762500ce79188da79ac7dd5
assets/minecraft/textures/block/sniffer_egg_slightly_cracked_west.png,16,16,93234b8ab939eef06b14e0a9edbd001151cf8dbd41105fedec9842cb45429195
assets/minecraft/textures/block/sniffer_egg_very_cracked_bottom.png,16,16,e49afa4a7fe5af28f416003eda13f4f1faaf57962e5a76f7ad1afd0d4dc4b4f0
assets/minecraft/textures/block/sniffer_egg_very_cracked_east.png,16,16,738a5ec1c05c4ed4eb3d69d00200084301a5fb3265eca93bab95640cd7544556
assets/minecraft/textures/block/sniffer_egg_very_cracked_north.png,16,16,426e80f398b8a2134f00859d8cac7431492ad0c9fb8d2410c897684c4e36238f
assets/minecraft/textures/block/sniffer_egg_very_cracked_south.png,16,16,77a75ae5943db34c2a2d24c85e87365b9c8d2c2c20149947e16cefe7d8ff5ea3
assets/minecraft/textures/block/sniffer_egg_very_cracked_top.png,16,16,c7de6dab4b8ceed9e4efd87bec0f24b6b008961b18c2b023714e8d748a4bdcc4
assets/minecraft/textures/block/sniffer_egg_very_cracked_west.png,16,16,bf9b6da2e9bc20c9ebab7f5a56e66c50a314f0aff8121e9c26d734747af09642
assets/minecraft/textures/block/snow.png,16,16,d9795b2b0646b7981292760a010a9fd6887d8656bf8901ef27a37ae543b19e33
assets/minecraft/textures/block/soul_campfire_fire.png,16,128,9d92de247e780a13c4792dff005992dd15e71ee0be7993a96eff501f020847f4
assets/minecraft/textures/block/soul_campfire_log_lit.png,16,64,8f077eea3c65cfa9e06c0569e31b5e7acb482d09d125ea7fc4994e51b5c0e68b
assets/minecraft/textures/block/soul_fire_0.png,16,512,7ad4a4a0be94ae53f05958c6b968d46dbd927ddf20c093d4d4f6916a883d6d6d
assets/minecraft/textures/block/soul_fire_1.png,16,512,292bbfcfc1ca45644a5f49bdb61d6ebf47afa9af4a95b327d5889d3e72606af0
assets/minecraft/textures/block/soul_lantern.png,16,48,af522e27edccf029ed46443d990ecadace87fbe87161c2926f938162783ede86
assets/minecraft/textures/block/soul_sand.png,16,16,3530d878540a036669bbab0e78abf6d6d245fc5fda102b872190e27c9dc0bd23
assets/minecraft/textures/block/soul_soil.png,16,16,3c3cc61b47b541c4c845ab0a217a2267ce7fa726179f170016a25189873a03ef
assets/minecraft/textures/block/soul_torch.png,16,16,728b6cf0e86e190af2d9e069f9732686c9c96b03d0fceb6da17696305e6c5cd3
assets/minecraft/textures/block/spawner.png,16,16,d9993b2cbb036c0e8f62e1ee03742463c7bb84cd114284b2318734bf43eb3165
assets/minecraft/textures/block/sponge.png,16,16,d85db860245da22e75f66933f2a4aee0127ba1fc326bf84c01be42dda8cf9027
assets/minecraft/textures/block/spore_blossom.png,16,16,bb4bf07f1ae86392296b58ec940958d537ea8bd753f9b1d3a1a265e3ed3b65b7
assets/minecraft/textures/block/spore_blossom_base.png,16,16,f879ca416033fb2ddf78e7972a2fca8f203467319b525f839b46e4273b2b29e3
assets/minecraft/textures/block/spruce_door_bottom.png,16,16,fdf87f872b7603c5e94a7d0ae9fa443b0a46d53776d4df1420caa4f440ec6548
assets/minecraft/textures/block/spruce_door_top.png,16,16,dd725b991b92fdee220b3914b83563a3223750fb99b863b1b3c75a651589cf20
assets/minecraft/textures/block/spruce_leaves.png,16,16,75324069404b745daaf7690c0c16172923d80a7647ebee9365623779ceab79f5
assets/minecraft/textures/block/spruce_log.png,16,16,15147f37287a15e404445d004ae479cc0fdf9967482837dbd006ec465a980a0e
assets/minecraft/textures/block/spruce_log_top.png,16,16,57fc91af2d831d5041ff40de8c507a571fb201596d7dda37e519c653e85b3620
assets/minecraft/textures/block/spruce_planks.png,16,16,9a850f2083cf979494650efc7ccee69acf8723152e869e51a93f90c0056f104e
assets/minecraft/textures/block/spruce_sapling.png,16,16,64ed6df1ae98bfdacc2c97bfaccb2babd4777fc0c44280c80a95be1f4c1e60e9
assets/minecraft/textures/block/spruce_trapdoor.png,16,16,bbc1e87d1d4d36ff8c812bf5ac87935bf41dd36c387ac31fbad420d57ca38876
assets/minecraft/textures/block/stone.png,16,16,0096954ee757a2184f96e5e300953a6c41855ee49e8e5ad90aeeb0444953fd9d
assets/minecraft/textures/block/stone_bricks.png,16,16,3509bac331d1079a08a60082502f0cc9ccce1953dcea8dfc404501d31f9f0be2
assets/minecraft/textures/block/stonecutter_bottom.png,16,16,79bcee89ab4208f977101cdcf4f7bf2d2aecbd33dd625163ddaf258cfa1278a6
assets/minecraft/textures/block/stonecutter_saw.png,16,48,100627b9e222f1b8f8131277c3a2854cc92bc166a48ffc845c112951f0bc4f1a
assets/minecraft/textures/block/stonecutter_side.png,16,16,5ddce7e14c97f6e81f8d7710c76c63b2811bb98ee104c4c56a3ba4e9570714af
assets/minecraft/textures/block/stonecutter_top.png,16,16,844ed735fdd60e7e07f41dffbd6f60908aed7315ffe64d59ff3748e75a59c39b
assets/minecraft/textures/block/stripped_acacia_log.png,16,16,8414c7d9465be466f65bc2294b7820b7e2e621fd7838508c9a245add9764a865
assets/minecraft/textures/block/stripped_acacia_log_top.png,16,16,6562ca7e10044c343242a1f90d99489c30cf4d0aab0baac98a22840303b48261
assets/minecraft/textures/block/stripped_bamboo_block.png,16,16,231d5df7e389b1e1a8d08ba5d757689109ad23882835bf5b8ce99f477bdf4397
assets/minecraft/textures/block/stripped_bamboo_block_top.png,16,16,a1d35817b49ec2c66eda9240a63521ddd08d0fd0e3de3669c62aafe4e8c1ae7e
assets/minecraft/textures/block/stripped_birch_log.png,16,16,2c793180a7a88819364d0520af77d9a343936cccea48eac042983f28dc6cd77f
assets/minecraft/textures/block/stripped_birch_log_top.png,16,16,2122798b7bcd22e5067658c6ea785b3fc0344d758564c45ebbac737ee86a55ed
assets/minecraft/textures/block/stripped_cherry_log.png,16,16,e01ccb704d0cbc58b1bbf0b138767fcd475bb24b650c7bc8efac3e78374c2814
assets/minecraft/textures/block/stripped_cherry_log_top.png,16,16,044a45be15b08de010e92d2077a6a5f9c84b95d541537491130cb24e6dd74b1b
assets/minecraft/textures/block/stripped_crimson_stem.png,16,16,ad6999459e77a5ea9ee7329b5d800daf420dce9d83ad1dd205833c61d28cd52c
assets/minecraft/textures/block/stripped_crimson_stem_top.png,16,16,9cabe4d1d0cbe68a1d66d7016729c5d59dbfcc0b36ade499309ef3538276f159
assets/minecraft/textures/block/stripped_dark_oak_log.png,16,16,5039cce4508a7a22628ed76149cf2341ce0bb72e819dbb162c620037a8b343b5
assets/minecraft/textures/block/stripped_dark_oak_log_top.png,16,16,80d0fd406433fe3d3be82c22a220df7e5654fd03274db1fe8ebdc079f3f25507
assets/minecraft/textures/block/stripped_jungle_log.png,16,16,fac6e2b71d0689bb62f6390c4514fe81c8c6368a8799ce953e22cedcad246073
assets/minecraft/textures/block/stripped_jungle_log_top.png,16,16,38a9c8ebaf4de316fb46bb685cdb4893f811a62a5e327888b517d3c77c0450bc
assets/minecraft/textures/block/stripped_mangrove_log.png,16,16,eb273c4fbec5561cd471f2df75daa979729d57bb6fed84cb5cf740653c678bac
assets/minecraft/textures/block/stripped_mangrove_log_top.png,16,16,3b2e7b148def9363d875e54389066a4299644360abefab986eee9289bea7da2e
assets/minecraft/textures/block/stripped_oak_log.png,16,16,0d5e4b1e67e4a9a703477ac92d33280fb2558d365c2cbf76585e381205254f23
assets/minecraft/textures/block/stripped_oak_log_top.png,16,16,49f29df2d1c5c4ab02e27ccd516f68e64e9a79297a3e79d831dc078c60e59036
assets/minecraft/textures/block/stripped_spruce_log.png,16,16,7ab1a8e63f5a51dac228bdf24542111db8ffd16dcd854946a6ee5ccce8c4fb8c
assets/minecraft/textures/block/stripped_spruce_log_top.png,16,16,577a7c88df685ae0de3a579115a8cf49b715032a8d2bcb974031fced41cb3571
assets/minecraft/textures/block/stripped_warped_stem.png,16,16,765e81e997b3748c755761c51cb5671e15f229fdac9ff984a3f5412ffe33194d
assets/minecraft/textures/block/stripped_warped_stem_top.png,16,16,31575146ca200cebc46df17cf8e6885b4123043f9aa1624a0ff45e0007545e1d
assets/minecraft/textures/block/structure_block.png,16,16,8e4b278886962c7575573ff6a70cacda930f7185ffaf1702c3c897bfa9e30df9
assets/minecraft/textures/block/structure_block_corner.png,16,16,0078bf751816d6ff5d2c30d681425dd94651a9d5d0338db380204ffe2c60e0a8
assets/minecraft/textures/block/structure_block_data.png,16,16,e240119f542232878b832cb7bdbd1b7f87276cb88123c35797044e83a9a31205
assets/minecraft/textures/block/structure_block_load.png,16,16,0f3f491fa6ab7e607d0efeb229b517e4957600bc4a785d2cddae560bbdf0cfde
assets/minecraft/textures/block/structure_block_save.png,16,16,c649efc0d2c6c74d5c26a92ae7c09003292167c17027bea44e04a59bc24132c0
assets/minecraft/textures/block/sugar_cane.png,16,16,07ff8cc8729ebfd38130efaea7679b3b26f74661adb116b7679e16be66407eb6
assets/minecraft/textures/block/sunflower_back.png,16,16,1d9ec4b09290e8e05d9142210672bad2a1aa3641716bf01a2e0c2285506caf6f
assets/minecraft/textures/block/sunflower_bottom.png,16,16,58cc3aaaf296bbfbd7f6baf45a5efc37a572c3b4d9feb757595e12cb8dd3e1ef
assets/minecraft/textures/block/sunflower_front.png,16,16,07d343ccf6b8000a44d0b5dcd250dec23d3ed90b285d9869f955d930c969f420
assets/minecraft/textures/block/sunflower_top.png,16,16,6482d4665cb38f92196b0908af0662796baea2aca6f2810a41456d3acae514c5
assets/minecraft/textures/block/suspicious_gravel_0.png,16,16,f479561744c42f996d3d563d6f530eff6c9889dde1064eb107be52bc7fd1f0a6
assets/minecraft/textures/block/suspicious_gravel_1.png,16,16,3d203e13368363ea90203b2ce6de48857f0d61e505900cd2823f18ba8106d9b4
assets/minecraft/textures/block/suspicious_gravel_2.png,16,16,5ebfeb774ba326204e74ab6d23d7d733d7d2e409bf84c46ddef8dc9ac13a1dcd
assets/minecraft/textures/block/suspicious_gravel_3.png,16,16,3a27674530e27979717adf4dc85558dbdab814a13375889919b36c17dabf8a61
assets/minecraft/textures/block/suspicious_sand_0.png,16,16,3e80acfee8a71b4942d56e22da4b065d6ebff89f5479cf7ce877e9c1b98aca44
assets/minecraft/textures/block/suspicious_sand_1.png,16,16,4a997c88fe2e67b212c04989682d4c1c2d87264ddd5d29395da714dea7bf6df0
assets/minecraft/textures/block/suspicious_sand_2.png,16,16,feed114969b771cd122b427a579d74b0452a2d0062a3f150d333273c48b4aeaf
assets/minecraft/textures/block/suspicious_sand_3.png,16,16,43378ec7c2850950e06cf2227db48a16989f56d7573ae79d2508a27de8e680a1
assets/minecraft/textures/block/sweet_berry_bush_stage0.png,16,16,850b7db8d530fe22a20f341e1ddfdafd3c2424835bf77cdc7153d4a6eed967b3
assets/minecraft/textures/block/sweet_berry_bush_stage1.png,16,16,3b2245eb527b84d135a1e704c0d87cb97a8bf4676380bf7dc0883910bf56808b
assets/minecraft/textures/block/sweet_berry_bush_stage2.png,16,16,61fc3ed05a0c77db4f57c7717d9dfb8d52d9d10cd42855fa7e112f2efa2191b8
assets/minecraft/textures/block/sweet_berry_bush_stage3.png,16,16,dd8f656694b76937274baa602900b09e923b35869504403331d0f3ff5243e134
assets/minecraft/textures/block/tall_grass_bottom.png,16,16,4bfcafbe40629bbb848d5e9ce47f4a2c43359eb7bd2165463c7a1876703d024f
assets/minecraft/textures/block/tall_grass_top.png,16,16,156ebffcf92e8b53b6b8959e07d784907e08e447ea3555a8a6947eabb9612d76
assets/minecraft/textures/block/tall_seagrass_bottom.png,16,304,3fab8493235021812cc4ffc499ef8e720729b01497879d18f930be22d5967637
assets/minecraft/textures/block/tall_seagrass_top.png,16,304,cb80e06814966a0a15766e7f953d0e610e8031a7c2611db16c32a5bd828c6a49
assets/minecraft/textures/block/target_side.png,16,16,dc97f2df79ca5eea6bc652b2b8322b0c38f073488b859cea8fda3c7aca29f5af
assets/minecraft/textures/block/target_top.png,16,16,ac641d4ab3e6655ecbc5a2d9930b60b745c126b99b481be2bf4ccbc42cacabdf
assets/minecraft/textures/block/terracotta.png,16,16,f18d114ed73eba1df42c006877f8e9858d455c4f9aa6d1f1549b4998e1d9ede8
assets/minecraft/textures/block/tinted_glass.png,16,16,952be5587f213aaac8bc93c2159dadfff2beb9c7b4cd5acc270c8a011632d950
assets/minecraft/textures/block/tnt_bottom.png,16,16,2c74bf8df8049097b5df0263b84005bba909186103b24b69b4cdcc777bd4e179
assets/minecraft/textures/block/tnt_side.png,16,16,069933f626e38f7ec16a5140a0116388b3793b2416c242cb29a61df022cbe2ad
assets/minecraft/textures/block/tnt_top.png,16,16,7ef127a08a88759666fcb31ecd8dd8f584380b82f9a3040c406661aca0b6a107
assets/minecraft/textures/block/torch.png,16,16,329db8f31720564ca9c6eeb3bafb98bb30a4d277e958e55806720cc01dbf296d
assets/minecraft/textures/block/torchflower.png,16,16,d242544dd017303913a24952a22491a6e3b520832d3c8e9f61bb8ed7d9706ce4
assets/minecraft/textures/block/torchflower_crop_stage0.png,16,16,a08a90c898d90a1e96de16a84ab142ec1833b71b99f678b491b9fc19ef91b2b5
assets/minecraft/textures/block/torchflower_crop_stage1.png,16,16,c538a7a0731628177eb50d60073ca6975cd9d3097fc7dd95d9e966a38dc26669
assets/minecraft/textures/block/tripwire.png,16,16,89eaac6c647f95d87a5c9faf16408b101aa40b6dbcf613e2b9d464300cd77fa7
assets/minecraft/textures/block/tripwire_hook.png,16,16,a3a8cb9d5c9e6e6a248114e71965ecff024bac6d08aedb37ee0613eef8c3b325
assets/minecraft/textures/block/tube_coral.png,16,16,eebcb0e41ef10d5fcb2b8bebc19105db71109e23ec4ab76f36a13d245087c801
assets/minecraft/textures/block/tube_coral_block.png,16,16,085126860a3897a15183acf01dfd564745fe4af6528fe6aafd26d8e53290d04a
assets/minecraft/textures/block/tube_coral_fan.png,16,16,caaa2cfda2a7a53797f44e04a16ff30c5c4c28f0ea3e688f8ab6a5f8339eb0d3
assets/minecraft/textures/block/tuff.png,16,16,c6ca9c6ea6e8b9dec8a6b17c8ebbf4802494ba8f2816873ea795377e2eca3fc5
assets/minecraft/textures/block/turtle_egg.png,16,16,bd29b7de8dea0ca30b5939b739d53b900728329d899ece3e95688b5c296a2a04
assets/minecraft/textures/block/turtle_egg_slightly_cracked.png,16,16,4e217e0049aa32b8da8453a35ba7f54f910d81ff80e8cbcf247880983b7acebb
assets/minecraft/textures/block/turtle_egg_very_cracked.png,16,16,d725bcbea4f92e4d92f2d1cc4035eb1ba4ff59bae4cf5941fe79235088942866
assets/minecraft/textures/block/twisting_vines.png,16,16,13fb95404864d8867f1677b3898815fe1561e3cd37dcea43e6bb00f693ed0759
assets/minecraft/textures/block/twisting_vines_plant.png,16,16,a2532f276ee7da258eff060575fef88dac90b67f75998dda79fa9f7e33860056
assets/minecraft/textures/block/verdant_froglight_side.png,16,16,9343dcdad98fbfcd0fb7df2b7391ce23e504180ebc5199ca57635b33814707c3
assets/minecraft/textures/block/verdant_froglight_top.png,16,16,87d6e7dab62a9f339ce78af48ce9d9a7628608f2f51409ba8785196e1b65d1e5
assets/minecraft/textures/block/vine.png,16,16,1abf1254f83e0c49a511e6910292658d195b9193e2818d2ba02680559f8c58c9
assets/minecraft/textures/block/warped_door_bottom.png,16,16,3128883b272107de9c6168929d0a322d0bf6e68f5c9dbc3dd931f01b3fd7665b
assets/minecraft/textures/block/warped_door_top.png,16,16,742652e472c9cabbc3b874893e0261933b55521296c4bae67aeb2f3665207e7d
assets/minecraft/textures/block/warped_fungus.png,16,16,4f93fda71fa49b66512661bea9d32ec5ed4ecbf3281af45f0527d6fdb044a942
assets/minecraft/textures/block/warped_nylium.png,16,16,cf9b71b27103df5107157ea6c7b339c4eb529a52169d5b41b8347004889f5b32
assets/minecraft/textures/block/warped_nylium_side.png,16,16,c12627fc768b5f826e88c3f88159f1c729a1cb4184007474e6cd45604c249d88
assets/minecraft/textures/block/warped_planks.png,16,16,11740cf42a9ea02eca3a833e5b661eeb97fcc5585a2496181d82f6f7c1f188f5
assets/minecraft/textures/block/warped_roots.png,16,16,245e9cc7eab06aff9566d64ba101dec0288dca9a580f61886f5d0455287ef9b2
assets/minecraft/textures/block/warped_roots_pot.png,16,16,7b9f6efd573904d99d973b397e1398d786a47fe83d00c2ee7e7ffde7131f6ddd
assets/minecraft/textures/block/warped_stem.png,16,80,55121b73b3d37d91ee4a97588fd91b6e0034899d800f94d8d85141018192c789
assets/minecraft/textures/block/warped_stem_top.png,16,16,d492cea2fe1cf6951bd30342b0cfc7d9eff5d854d8e7779e9a21f5c3d080c710
assets/minecraft/textures/block/warped_trapdoor.png,16,16,4d97f3c5adc17c7ed1521d274fd63dc444af03d144a45a034ba74600000c64d8
assets/minecraft/textures/block/warped_wart_block.png,16,16,8ecd38fc09e3ea82f4c3a3b2cec0fd9b7ad3d542280252bec9e2602376e98e4a
assets/minecraft/textures/block/water_flow.png,32,1024,e539220969695a96f2d591b649566f051e6c5829ecac583bd3bb67e1e5d60db7
assets/minecraft/textures/block/water_overlay.png,16,16,fa3b49e0cc1a0cd6506b385280a6696324b98d2184bc9d74801238d7b178476d
assets/minecraft/textures/block/water_still.png,16,512,35cfb387e0aef6460e5aa8c900ae654ef94e065b96d97cc0630c2f61ec88ebd8
assets/minecraft/textures/block/weathered_copper.png,16,16,a6c9862236c513902067390fce49f811af6075583e1c3d45e179bff6f6dc0462
assets/minecraft/textures/block/weathered_cut_copper.png,16,16,e0bdcd3bb9ec483ebcf17184df6d1366ff89ec0c287749a0e71de931c2ef175d
assets/minecraft/textures/block/weeping_vines.png,16,16,a12737e8ce0a7c5751ea07ea969b44eccd60fded03107d939c3f4a39f8dfb261
assets/minecraft/textures/block/weeping_vines_plant.png,16,16,27cb7c3c66619a6278371d88a49c4fe716cfc40d11719cf12f11646bb03b65d2
assets/minecraft/textures/block/wet_sponge.png,16,16,44627acf00bdc12403072978bc3b89a8ca6e180d18e15c27608749015e132c36
assets/minecraft/textures/block/wheat_stage0.png,16,16,ae5a6cc98ba0314867917833a51416e3493e4918fb73fba112b70e5d014c75a8
assets/minecraft/textures/block/wheat_stage1.png,16,16,6910bf48efbfc250d7e9e80354018a7fcfef8a4adb9d363107208ae3a6e9ca70
assets/minecraft/textures/block/wheat_stage2.png,16,16,25c1f28fc1ee8edafc96320e7cc8aea777bef22a7a1008c97150483e2c23ad96
assets/minecraft/textures/block/wheat_stage3.png,16,16,7274e1ec1f3fde7557adeecc46060ff33e77d6090148bad0984e81469612a31f
assets/minecraft/textures/block/wheat_stage4.png,16,16,aab81a9c8701f6dd5d29ef610ff43d5d9f4de22e5d1f35482d0bfebe896f2e1b
assets/minecraft/textures/block/wheat_stage5.png,16,16,4b567ab69eb54164bbeada5c16f82877914f5d18d3290f9aa239dd1936e1075c
assets/minecraft/textures/block/wheat_stage6.png,16,16,6e3b0ec2ef00fe515477551964e8a0ce86454036862f4ef72598541b1c380fdb
assets/minecraft/textures/block/wheat_stage7.png,16,16,eb29d71dd841f19c305871dd5810c38e37b496ce07a7f2d0917dfdf637ac2525
assets/minecraft/textures/block/white_candle.png,16,16,e8cdbaff108355f6cf06c2b9f3b4f97b42b177ace395e95cbfde1f287cb35d40
assets/minecraft/textures/block/white_candle_lit.png,16,16,1d7961be1472e6889bbd534574fb57c9ffd6bcac03841ff9d692efb7cbdbd2bf
assets/minecraft/textures/block/white_concrete.png,16,16,6ad27d2fa69de165de0aca11f7906d4b3ff25aed635c16a81d4971ce3a93fe73
assets/minecraft/textures/block/white_concrete_powder.png,16,16,fd02881ea84a0d44a23038818dc664673991fdce88803e93e455998c3b86bd69
assets/minecraft/textures/block/white_glazed_terracotta.png,16,16,0871086bfc70af71efc281cfbdc2e1a8aaa3c812ad478c3eeeb0f2d3378487aa
assets/minecraft/textures/block/white_shulker_box.png,16,16,9fb12ac8c85706a81912806924b4471d426b746527129134b22fffdb2a730c09
assets/minecraft/textures/block/white_stained_glass.png,16,16,696d5d7f921d0e39889c3e051e2cb9b1e740cbf9c1468ab8ff31bde854721693
assets/minecraft/textures/block/white_stained_glass_pane_top.png,16,16,08520aedf945012df41ede10e831a9f6c0173dbf06281e28ab2dcf83013296c2
assets/minecraft/textures/block/white_terracotta.png,16,16,b21528405f12fec0e9409fa0f14aff5f849e96aec0dd282f3516c8066f394771
assets/minecraft/textures/block/white_tulip.png,16,16,0814e0d24cc7e725455d4a91198681b401e5c6e6a6a0f764392b489de606ced2
assets/minecraft/textures/block/white_wool.png,16,16,19761a5a88d7d86d705c2ddcfb4a800435e8fbe2bfbe43a2593bbac2dbb1ddcc
assets/minecraft/textures/block/wither_rose.png,16,16,64aa2adb9b6fcac36f3679c94373558007d337764c66a18095f58783591cd738
assets/minecraft/textures/block/yellow_candle.png,16,16,91c76bc469c6ff09714f9b717e78f8f1fbc7ad27ef1c81a093cb08c04c77abb3
assets/minecraft/textures/block/yellow_candle_lit.png,16,16,026139b6b3f9c178e89d81c857aff4b4d120dc98a66e922bfc9459da790be228
assets/minecraft/textures/block/yellow_concrete.png,16,16,df7631f475df4f768dc0a95bcc89a58e20fb826f58ea502a5c9cec6c9384b524
assets/minecraft/textures/block/yellow_concrete_powder.png,16,16,92d7c9a1040198b9c2a461f4c111f2883205d825aa05059622cd86c9829b4989
assets/minecraft/textures/block/yellow_glazed_terracotta.png,16,16,11da12c90bd05f5b104f2372dfd2e124505b83cd61118b96705aff5b7c61aa35
assets/minecraft/textures/block/yellow_shulker_box.png,16,16,22dba8e6260fc72f8b0f26c13edd807b4c369200117c07f66440b6b985aaecd7
assets/minecraft/textures/block/yellow_stained_glass.png,16,16,3ed8187f87a5725f1ae3052b38248aa16ddf9af11afd6760beb51c357c36cae9
assets/minecraft/textures/block/yellow_stained_glass_pane_top.png,16,16,c93fb666579b43cac1a1b7125b5e8beba993641dc1eda1a61081d160c7adc6ca
assets/minecraft/textures/block/yellow_terracotta.png,16,16,9a58331a3f4f0cc1f0d886510a11c62649b4ac20019e45a23b5ebf443c09e316
assets/minecraft/textures/block/yellow_wool.png,16,16,e65f9654659fae020422606a109dadad26a112622130e5d853e8096656802f61
assets/minecraft/textures/colormap/foliage.png,256,256,41c447ebba8933e2b9d995e82b26eb43d70d1d033cca98e6840cccfc0ebc6080
assets/minecraft/textures/colormap/grass.png,256,256,1450fdf2f4fd6d4571fe19641b6d412d850014e9fdc10f5a33e21f446a7d4ac4
assets/minecraft/textures/effect/dither.png,4,4,d909729e8b2010efa8f66a45804bce8acdd87ff4e97035e3fb709e539ca84ee9
assets/minecraft/textures/entity/allay/allay.png,32,32,1131667b54f5039b3b27e2383c8eb2403ac84f5f86d91ba5aafc021effcd2cc4
assets/minecraft/textures/entity/armorstand/wood.png,64,64,c6b8164c6aba229db01b62305bb2f56f37e564533aefe03c072ed30baf60853b
assets/minecraft/textures/entity/axolotl/axolotl_blue.png,64,64,952beee902b8db44f1ec7012b923d9bb0aa2c245ff48234de1124bcbf6f5dbdc
assets/minecraft/textures/entity/axolotl/axolotl_cyan.png,64,64,b28cef62f0bee9758a3e30e90ee89cd73cf48713ee1f5b704771627e73f2d427
assets/minecraft/textures/entity/axolotl/axolotl_gold.png,64,64,546e105f5ffac49b5310eaa6db56c8fb2b946c88e7851a8f010777b5d8b7dc7a
assets/minecraft/textures/entity/axolotl/axolotl_lucy.png,64,64,76d2818b1af5a28c110fe81e00aca714d4360b24599acdb4825435ff6481f525
assets/minecraft/textures/entity/axolotl/axolotl_wild.png,64,64,e66320a86666a11172af631968a210cba8aff41cd629865375925bf46ccba13b
assets/minecraft/textures/entity/banner/base.png,64,64,51f12d864d74aaca87abf3139f5b24ac5c4e1cf09ece236f729d9bbf556f2f60
assets/minecraft/textures/entity/banner/border.png,64,64,d4b95f6c8a42ebcad526ad903c5d4e2841700cac825ce28a90e5223ab90ebcfe
assets/minecraft/textures/entity/banner/bricks.png,64,64,b1fbb88de345692a740b136eb62cebfb3845de5434b654f9343287422507a19f
assets/minecraft/textures/entity/banner/circle.png,64,64,372a0a432ce4c58ca5d2760298f64964c407a85f5141f57662925450212fa6ef
assets/minecraft/textures/entity/banner/creeper.png,64,64,06bb1239b9177415efe831a6ff76e53578486780f63e42b1a14207c1b1fd23cf
assets/minecraft/textures/entity/banner/cross.png,64,64,65e44f15bd8148b6cdc8b2b0be3437644115d3d5a39e078b966bafd6e4605245
assets/minecraft/textures/entity/banner/curly_border.png,64,64,9f7275a065b588e6d2227294c3838ced221e081f522222ced7fff0ab0c205d79
assets/minecraft/textures/entity/banner/diagonal_left.png,64,64,99019254ede9b8dd20397445836003e8941558d48c151548f355c7fb1481cc0d
assets/minecraft/textures/entity/banner/diagonal_right.png,64,64,644d9c461f73e98516b6aead03036399cec7a68d65419d8f4d1b5d60d4874142
assets/minecraft/textures/entity/banner/diagonal_up_left.png,64,64,49aa26303e46f51c86c63a135cbb94ce3a16f7fa264c965e4954732b83ff9735
assets/minecraft/textures/entity/banner/diagonal_up_right.png,64,64,78f2d14ec4d1ad95dc1b7d7ec336e7195873be41d95619537001792e0fc83233
assets/minecraft/textures/entity/banner/flower.png,64,64,4b3ad874033a2e985bee59be39feba0cec08ff9a640d5e2dcdf183eb82118074
assets/minecraft/textures/entity/banner/globe.png,64,64,96b60ceb6c1d8bc4845713547d7562e98cffc52a8ab274a112ad2b29da0fb484
assets/minecraft/textures/entity/banner/gradient.png,64,64,c6c20e1770a8cc0c3a72a2b829efce3c1d617c5d57c4d2cd36d8e5de84c00d62
assets/minecraft/textures/entity/banner/gradient_up.png,64,64,c8ee6dba33346fa25700f8c22bd24970a5daa46432a5b70f958aaf2b58d957b3
assets/minecraft/textures/entity/banner/half_horizontal.png,64,64,9140c09d38c9fc9372003ba3c135391542f5b11a0eadc97aab311bd9843b29d8
assets/minecraft/textures/entity/banner/half_horizontal_bottom.png,64,64,5657face7c7b1478a7f8b74a2e4df0ccf47dcea6377929d81abc8c1c18137ace
assets/minecraft/textures/entity/banner/half_vertical.png,64,64,427dd02fa2b45c3793db38bf6392d6eeb81774df9bd00450a34d92f0f21402aa
assets/minecraft/textures/entity/banner/half_vertical_right.png,64,64,e89134c75946dcd66b8e6d192fac740bae1cbb271b975a1ad150e6214f8f69fa
assets/minecraft/textures/entity/banner/mojang.png,64,64,a56fd5e3ff9f4bc2d9233967ac5a83f3626b15ead93fb810a98b39d0dfab9a0a
assets/minecraft/textures/entity/banner/piglin.png,64,64,d8518c2d619f5af6146638ce7ca44479ac979dd0535e544117cb68e42c442c05
assets/minecraft/textures/entity/banner/rhombus.png,64,64,15eeae45e1310c2ff82c143f3296efde0a3116852e776f45ffcdc296892d803b
assets/minecraft/textures/entity/banner/skull.png,64,64,6cc42d8b1b2cdaf37ce74ee24a8f9176d99f6b69709af81fa7a7199c64719ec9
assets/minecraft/textures/entity/banner/small_stripes.png,64,64,c9a9e313c0655ad14f2657d1f349dcfa7ad84f8d42656ac225f23d02437eee49
assets/minecraft/textures/entity/banner/square_bottom_left.png,64,64,2af13e4478264fe32ba7604205f8b8d4f30a5eec1ed245227a76d8d7f18abd72
assets/minecraft/textures/entity/banner/square_bottom_right.png,64,64,f1e198b571a11eb8a10efabf3d27da7719049af27cda3c388366f40cb91a4a25
assets/minecraft/textures/entity/banner/square_top_left.png,64,64,fabc0a7709e9d8bdb3edb2daa0ddbef7490a4f1bf5f6bb71d961738d060d9f8e
assets/minecraft/textures/entity/banner/square_top_right.png,64,64,badc5adc26b424816b1fc1cd1eadc7d6e7a5e6879d8b837eebec6f0b36005936
assets/minecraft/textures/entity/banner/straight_cross.png,64,64,4aaddff6304be773afda19df337020b37c3c9055e3aad60aacd5c530313cc557
assets/minecraft/textures/entity/banner/stripe_bottom.png,64,64,299d76e4900f73ff0e23df260d8e4b94f41a283d58cf846a040ae6d5b184f0be
assets/minecraft/textures/entity/banner/stripe_center.png,64,64,76265a35c724582b1645836d15a9b478067915f8e47935d7102c5cda256692ee
assets/minecraft/textures/entity/banner/stripe_downleft.png,64,64,c5a686ddb9f4608cfbfb3259cd06ddf53c89b55d812dd9f33355408d5b9a55d2
assets/minecraft/textures/entity/banner/stripe_downright.png,64,64,c570f7ba52387544e761b35006d9597a74811843111da533ec70f0c2afd35434
assets/minecraft/textures/entity/banner/stripe_left.png,64,64,158a50a946e6e9d054c854b2c58b4be713ae2c74ab5fa8cd5518ff1747da58e9
assets/minecraft/textures/entity/banner/stripe_middle.png,64,64,7598730f2bc3bdadec03a0a7b55fe4b8ec1ad0faf05e5fed275784f636a3da59
assets/minecraft/textures/entity/banner/stripe_right.png,64,64,dab06bae3b2cdedaaf395aeb19df329e8e1143e2f0b57b808f121e2f69fa7db6
assets/minecraft/textures/entity/banner/stripe_top.png,64,64,f2a0488b15aff78ed187d83578f22534f4e2b4c051d65500a61d8a1e7f0df2ce
assets/minecraft/textures/entity/banner/triangle_bottom.png,64,64,f3d8b4350c50b4dcc904a29b2cb318e504d2def6dd7ae2196658f0a1d0e48082
assets/minecraft/textures/entity/banner/triangle_top.png,64,64,62461a61dca0480c1d3c978a9438a08bd1f531bb0690fd9698bd192e83da1e74
assets/minecraft/textures/entity/banner/triangles_bottom.png,64,64,412044d7b91d2130b5b6511d12c05abbace9c4e370314ab34d24cefd48c9edf7
assets/minecraft/textures/entity/banner/triangles_top.png,64,64,5245494f5a5ea332973eecc94ad8584175da79d2826ebef6ec77b69c009aa54b
assets/minecraft/textures/entity/banner_base.png,64,64,ef77c174f72bcb2f9c126684f85a5b7f9c44c9a39ef27fe82859039177291e92
assets/minecraft/textures/entity/bat.png,64,64,24b53aea8af2168e1160b4bd3da5368d90970b134ad5302b3898b26c93d2e166
assets/minecraft/textures/entity/beacon_beam.png,16,16,7883da35bf73ffd771b7aa935994f38551ff21bd0eba46f033b51f9c4907416e
assets/minecraft/textures/entity/bear/polarbear.png,128,64,8027831213edc2413dd02c6a2539c550ad1f3af574ce608b1d502801150e88e7
assets/minecraft/textures/entity/bed/black.png,64,64,b3f91a21769713629552fce37c9fd5fb83519fe28f451ba868f6eae765aa9fd2
assets/minecraft/textures/entity/bed/blue.png,64,64,c09122196affcb12ca29a8050d3f6515f54f229e7da08ae0e5b3960d615af41e
assets/minecraft/textures/entity/bed/brown.png,64,64,c7c172d5e685ec5ce127fd0be92592c3a216ed654c5773b008e39306e186bc23
assets/minecraft/textures/entity/bed/cyan.png,64,64,fd199112bb5bba4fc36b6705e6a6d9f77690ec2b2f9be51555b5d8f29ac78de6
assets/minecraft/textures/entity/bed/gray.png,64,64,018a67244e4e91cef725567f03f4539ee3ee351ab592b7757e2858c9d9de2867
assets/minecraft/textures/entity/bed/green.png,64,64,e152e9b48778da655bbf4b499ed8e7ca5d5319d6b46e10400b7bee7113e7416c
assets/minecraft/textures/entity/bed/light_blue.png,64,64,32d27e2bd2fe14fc4b8e5fba59a4e8191647cc657170103b3cfc7a9ea8560acf
assets/minecraft/textures/entity/bed/light_gray.png,64,64,5621ce9382d5567fa46438e8aa5ddb0d97101c68292d229492d82ae5c63d999a
assets/minecraft/textures/entity/bed/lime.png,64,64,5e031aef3b1b1f953bd836a07bf9931ffab48d9832a21348c0abcd225b129dd9
assets/minecraft/textures/entity/bed/magenta.png,64,64,2b053d37815c188cc6a38e1f642dd139d127743dda8d1a10d828f8763d5400bc
assets/minecraft/textures/entity/bed/orange.png,64,64,9213e540d863c1a0104e5bf17d1696d0588ca7af1b2daa1c2154f56b3ebbb7cf
assets/minecraft/textures/entity/bed/pink.png,64,64,1e156f385cc39b4fdecf8d4cd5bc364ad5a8a727e590245bc9f8cc1434f281e3
assets/minecraft/textures/entity/bed/purple.png,64,64,ad2584989384c0e8a60a92d214d736be32299ea9880148d6a98ddad68f444bf9
assets/minecraft/textures/entity/bed/red.png,64,64,73022232cafa0c0c5260e48cb5305a8bcc7f6e09d22f8d1bb51e87a1a84146b2
assets/minecraft/textures/entity/bed/white.png,64,64,b62fe167edec57b7bb90eca0071398abf9d752d9aeeb590d02180110e31da41a
assets/minecraft/textures/entity/bed/yellow.png,64,64,2f9c538dbd4b187310d61c0048e6a8701479fb30da4120c9c1f20330d1fd1706
assets/minecraft/textures/entity/bee/bee.png,64,64,4f87ef4e1a9dfede32833771cbd3631148d03ef52a351c5c5be4608b3bd3046d
assets/minecraft/textures/entity/bee/bee_angry.png,64,64,c66def4ba4e202b8ec794a3fd0dead5efdc01c6df1c85c40bbd4ed11aad17f37
assets/minecraft/textures/entity/bee/bee_angry_nectar.png,64,64,909cfb1de294c754e84563c5fb2133cfadd0bf4b6b61144c6891f2ea1ae029b2
assets/minecraft/textures/entity/bee/bee_nectar.png,64,64,99be51ea82f46aa9138fc14ce28ae00e4bfa2a90ef61205b78332116b8139812
assets/minecraft/textures/entity/bee/bee_stinger.png,16,16,b43e7a4ee53b4c1dccf7794972863779a1956cac8e3b96af8051a81522f542a4
assets/minecraft/textures/entity/bell/bell_body.png,32,32,8e0f861a8a9abdc47d13c052948d6037c54c617a5480bc94c44c1cad26501364
assets/minecraft/textures/entity/blaze.png,64,32,d1177b4b4d36b47f2c149b12e87112c3f0ae9b426aa9df063d176d7fb038bf65
assets/minecraft/textures/entity/boat/acacia.png,128,64,1a78272844694d6b9a5c18f22bdcf49ebef419b2b024add830f8163e1745aaad
assets/minecraft/textures/entity/boat/bamboo.png,128,64,d8f1a6d9197f2bb122e9e5ebb3d65d6ce3a03e56cfca8199f982510f9e1c7fbb
assets/minecraft/textures/entity/boat/birch.png,128,64,3fffb16f058dbe7a4d0aaf1c872f8b3c8f5307621fdd67f26cfb3b912795d790
assets/minecraft/textures/entity/boat/cherry.png,128,64,54056c1d344a7ab88003bde24999ad9a541801ec9072939c38f54bb6ad705652
assets/minecraft/textures/entity/boat/dark_oak.png,128,64,83601c8a89a1030acadb3e13f5c39ce2316f8e8dfa8f6510549e2bc600dee0c7
assets/minecraft/textures/entity/boat/jungle.png,128,64,2d2f56424af2da248caa41cfe22c1f8e99273e099b11341820fd01b987dceb0f
assets/minecraft/textures/entity/boat/mangrove.png,128,64,f9b673eeafb112f732121cf5495596de1f057be23df37067477a65d8dd205c4f
assets/minecraft/textures/entity/boat/oak.png,128,64,456fa14c881183b40d135b827d81b14ede0b50ca75dc52dfabeb166f91f05027
assets/minecraft/textures/entity/boat/spruce.png,128,64,12c8e09b258ebdbbc0c367265aebbf36050ff37fea9f51d4313cdc66597b4aa2
assets/minecraft/textures/entity/camel/camel.png,128,128,ba8d88ce351e6da83c4b2dc7579e2c319aae42ea7c0db4471cc69fd9ee9154ed
assets/minecraft/textures/entity/cat/all_black.png,64,32,c863be00a9f4c2edbf0cf7146b41f9811b92d9357f11011b1cc12a9c0e83e414
assets/minecraft/textures/entity/cat/black.png,64,32,c1fa4973dbe8cf53eeb5eb5e4eb1e52f43ffc4acc43495e889412842389d85e5
assets/minecraft/textures/entity/cat/british_shorthair.png,64,32,19b7fd2ae39f1fb3376e70bfa12772af249eef46735ccc718773cf9d5f146bac
assets/minecraft/textures/entity/cat/calico.png,64,32,98d3823ae5275fc8f9380e7b4d3860a0512c3eae84d9529d35123d7d6af7b6a6
assets/minecraft/textures/entity/cat/cat_collar.png,64,32,4c3c875515a2f990cc1c68b560ee17c7114926345b0d6b3808e9df5bd6c33ea2
assets/minecraft/textures/entity/cat/jellie.png,64,32,e242a5b98c02aa57d140b315bbf3bd59fe91f183fb19cdbcdd269fa71dad5af3
assets/minecraft/textures/entity/cat/ocelot.png,64,32,d9fa62fe0384f5e1a736ac5f0c361f075d6374bfecc8814f04c56cfdfab4a04b
assets/minecraft/textures/entity/cat/persian.png,64,32,4888d87ce0c882b074f4422c5315c4a2c0cabc8d29cc8d0d098c3e64e98f13a4
assets/minecraft/textures/entity/cat/ragdoll.png,64,32,6b240dea119533b635d2a37f75c92a463428bac2751e1d9725271095fa2466d7
assets/minecraft/textures/entity/cat/red.png,64,32,ec3e7ee303a71823844763ff481646516209006833322a25b56552e774452f3b
assets/minecraft/textures/entity/cat/siamese.png,64,32,d4e31a1ed0b08d96f642b3fa86e0901091aa65b82c8f3a9aaeea9913fd16a0fc
assets/minecraft/textures/entity/cat/tabby.png,64,32,c9576f41cee06cc0144d83d093bd9c8de21af8c71ea30fd7474e504e012d1d81
assets/minecraft/textures/entity/cat/white.png,64,32,df96022105804760b2f23aa8b5db44d6dd9c10e019d441876b8bcf79a0d6adce
assets/minecraft/textures/entity/chest/christmas.png,64,64,78d631aaf6e2fe74e1486e413e4cea2550424bee3193adf68b148a463ca18101
assets/minecraft/textures/entity/chest/christmas_left.png,64,64,0f8b09f2d7062248f2f123cdd3d45f28f7f3b84c422c68ba8ece23f7567240fd
assets/minecraft/textures/entity/chest/christmas_right.png,64,64,16c6b8c006b7f6c4df5b35ddff58e4f830f43dc60ceab645c657709dc3e1fcbd
assets/minecraft/textures/entity/chest/ender.png,64,64,07c95f7eef39c0c4e3cf44842183a872bc3ad20e01903c6db98dd22b5b6137d3
assets/minecraft/textures/entity/chest/normal.png,64,64,8e74d2298fe59992fff90591626585381efb24ff2255413be3364677b01111fc
assets/minecraft/textures/entity/chest/normal_left.png,64,64,311c52f12294776844c07680fa68abdbe9be5bc0f2e0693e291c07747d1762ab
assets/minecraft/textures/entity/chest/normal_right.png,64,64,7025a643f72936d25bb5382276a585fbb2de52a06bff05d164751d5d9d813840
assets/minecraft/textures/entity/chest/trapped.png,64,64,457a656f4590f40d24026727f6650aaf79661787adc10f52f7895016e670319a
assets/minecraft/textures/entity/chest/trapped_left.png,64,64,8e13959ca10d77e0a36d7672846af41650b4b3cc4705ca47671a95f4c6c0ec24
assets/minecraft/textures/entity/chest/trapped_right.png,64,64,7fbad4b6e03c12d1a895e45600ea669524bbca54e3a750db9377dd23ffa5ad82
assets/minecraft/textures/entity/chest_boat/acacia.png,128,128,6dc3149ad727c0d8ef8d2c462872993588120294a412c4cec1920d5e7fd4d031
assets/minecraft/textures/entity/chest_boat/bamboo.png,128,128,0cc77b64eab6ecc203ea8dc9f8680d20dcba2b2561b48bf323db4f16e0b898a9
assets/minecraft/textures/entity/chest_boat/birch.png,128,128,e8a44eb22c20746e8f3f7b761537abe5e0c8ebba4d78043e798ef62c444c3c90
assets/minecraft/textures/entity/chest_boat/cherry.png,128,128,e6151ffd5b757164dbddd5c458f70fe3770f717a2c83d22b9d6d011b8d99e259
assets/minecraft/textures/entity/chest_boat/dark_oak.png,128,128,db349d17aa762bf3b90439f44805212891a3b152b72d1acd85d8d17557c38d5e
assets/minecraft/textures/entity/chest_boat/jungle.png,128,128,192570d6fe9b153827657a0ec4fc032bf2c3d063d541fad6ca49741f1bdc951b
assets/minecraft/textures/entity/chest_boat/mangrove.png,128,128,dedb0106b4659d76e8ca9a0f6c986860414c855c68c96e5eac20b3054c17bb18
assets/minecraft/textures/entity/chest_boat/oak.png,128,128,ac0fd21eb09a29220123be4a9b25c835ad362332c11ee800e4fb8b5c770d980a
assets/minecraft/textures/entity/chest_boat/spruce.png,128,128,99ea158a9b27bd87aa1843baafd14c342c4621bf43528f0bbc491406b577398f
assets/minecraft/textures/entity/chicken.png,64,32,d2a6c25685cbb2223d3898515e815b09e9448a21552bfb05b384a6fbc5d54f53
assets/minecraft/textures/entity/conduit/base.png,32,16,bfd226e8748dfb7453d31263229001eb606a7e2c1c55416ddb8e3b4309a77743
assets/minecraft/textures/entity/conduit/break_particle.png,16,16,682acb9fdca2fbaff3efdba34dafabe21d708c8d06d1fad2fce100867de721d3
assets/minecraft/textures/entity/conduit/cage.png,32,16,9f41b73545592eff840e391f352e68583aab390b918cf7f913fa0b5c2d2a46ac
assets/minecraft/textures/entity/conduit/closed_eye.png,16,16,02d164276308001c85fb137a29b5d1d7e74f848bc2ac03a6b803f0597dabb25c
assets/minecraft/textures/entity/conduit/open_eye.png,16,16,ac7202ae34958f1e2d6e22ff91705e49d85f2adbbbd9f93028abd818aaf75842
assets/minecraft/textures/entity/conduit/wind.png,64,704,a5156d5b1e93268110f61ac69877209de55021ba160af6da1b2dacd4f3baa192
assets/minecraft/textures/entity/conduit/wind_vertical.png,64,704,8a5697a6ba9902c1e001d1cc2afe1c189047bf0419b9d9dcb26f749e5b885743
assets/minecraft/textures/entity/cow/brown_mooshroom.png,64,32,4310a731f26f60a5a2ac689f4e4907f483f48a2fdfcf02e96f33ba42df19e69e
assets/minecraft/textures/entity/cow/cow.png,64,32,3800d29036c33b4da3ae20d07fed0633cee0c249b7f92c92b441a1cae3f18673
assets/minecraft/textures/entity/cow/red_mooshroom.png,64,32,65191356af0595b8dfb1100bec7f95f28a6bd6f9931dbe678fb30cba08351d36
assets/minecraft/textures/entity/creeper/creeper.png,64,32,15c5f8859f0269f94abc97c8eeacd3585fbb5f79cb8faca2308a14a26d7ab7a5
assets/minecraft/textures/entity/creeper/creeper_armor.png,64,32,68701aea43ac6ac7822047daab32c4c46df305834a73ff5838a9917e7939a2b6
assets/minecraft/textures/entity/decorated_pot/angler_pottery_pattern.png,16,16,480be67dc814bd9e98c724905d4e96b46d6c698bf147b0e020bdfa67c8feb599
assets/minecraft/textures/entity/decorated_pot/archer_pottery_pattern.png,16,16,d9ba5bc02c649840d714d2250ca8f2a179d3f62d5e6caab33049e398b83e1337
assets/minecraft/textures/entity/decorated_pot/arms_up_pottery_pattern.png,16,16,20f0d0c216d2daf13db00a2a01c470bee376f7913b1923fd1257219c80867e0b
assets/minecraft/textures/entity/decorated_pot/blade_pottery_pattern.png,16,16,02c0e1585f0343017a0e6aa37de324149367ff73e237ae6b2473dd33308cbfe4
assets/minecraft/textures/entity/decorated_pot/brewer_pottery_pattern.png,16,16,e06b106257d2046853fc6019772ab41122ea49e8e7656968c0408e798f0a6267
assets/minecraft/textures/entity/decorated_pot/burn_pottery_pattern.png,16,16,1c2d9e0161ed658c52e43ba9bb49683af83f2d7d500f63905decd75d80e414c5
assets/minecraft/textures/entity/decorated_pot/danger_pottery_pattern.png,16,16,fd291f430f5aa9b25beec84ce1f42ebf5b03b49c959f0152c2bf22147b8a8bec
assets/minecraft/textures/entity/decorated_pot/decorated_pot_base.png,32,32,fd0708582771bce53f77ac2929e7f7dac9093e0303be1620d79ac84bf8182c33
assets/minecraft/textures/entity/decorated_pot/decorated_pot_side.png,16,16,acdd98c8576e867f2beb15bc64bac207b7483ca0e69185f3ee9e2e722986fc9a
assets/minecraft/textures/entity/decorated_pot/explorer_pottery_pattern.png,16,16,6a282e32bbb6e9811907f746c9e2d84f13593973eeff771970a8a7291d8b4199
assets/minecraft/textures/entity/decorated_pot/friend_pottery_pattern.png,16,16,33c41cfc0d100e30af13810b9044bc4d0453fc762abfa1d40fcad39c118170f6
assets/minecraft/textures/entity/decorated_pot/heart_pottery_pattern.png,16,16,bf6588f02efbd516c714beef2832741152a22ac3ba7fcf74f4d1f67c89a8c49f
assets/minecraft/textures/entity/decorated_pot/heartbreak_pottery_pattern.png,16,16,3623a7ed78b9c3b150a361f1ef5432180b34daeff40f3efbcf8b3cbd9c8ea819
assets/minecraft/textures/entity/decorated_pot/howl_pottery_pattern.png,16,16,d3aa0bf4a0a528c366939c7b8d8156f3e05a96280c1d1a8e5bc8811a39505ad5
assets/minecraft/textures/entity/decorated_pot/miner_pottery_pattern.png,16,16,ff49a6267c9e746cfb392a9c68eed54c7adadaea2675638df81d942b62d27cb2
assets/minecraft/textures/entity/decorated_pot/mourner_pottery_pattern.png,16,16,41727780871220e5c805fac24ef6f2ca432d615da9e03af36737a2e33d55f998
assets/minecraft/textures/entity/decorated_pot/plenty_pottery_pattern.png,16,16,89b83b5593649e15f7738d3a4278e1653958324438f299c1f7df68dfeae564d9
assets/minecraft/textures/entity/decorated_pot/prize_pottery_pattern.png,16,16,badbe16b1890bf1a898efcedd65679807d6306b5b10760fea71f160380ace0ba
assets/minecraft/textures/entity/decorated_pot/sheaf_pottery_pattern.png,16,16,45db3cb3c73124c3176e0dfd079728d7d204faf133cc8b779dd18cabca9ec0b3
assets/minecraft/textures/entity/decorated_pot/shelter_pottery_pattern.png,16,16,7552a698d1ea74cceb7da5a4d4c35102eb25357960cc892f7354eeb3cada077f
assets/minecraft/textures/entity/decorated_pot/skull_pottery_pattern.png,16,16,a8dbe694289d74c2f112ad4ed427e960d4498da34a81715ac1e6b6356675efbf
assets/minecraft/textures/entity/decorated_pot/snort_pottery_pattern.png,16,16,78a6f6b6836f7dc8a82156705ee4823dce71ed8dc65b534657c8f0c8f60c90ac
assets/minecraft/textures/entity/dolphin.png,64,64,709b1622d3f5b7d30728779627406e6823245083a1c5b97c41e116d31f5cdd05
assets/minecraft/textures/entity/elytra.png,64,32,5cdce3f52918c0a5a298ab916582f787f9245d3df90996dfbcb74094aa4d5e3d
assets/minecraft/textures/entity/enchanting_table_book.png,64,32,51853de4c9e3dcce6414f49df02998f58fa4449c3b85517900cf4b74606a1884
assets/minecraft/textures/entity/end_crystal/end_crystal.png,128,64,6318892fd9fd808b54d1fc5aea03a518250ef5ddbc9e61734c6a5b1f0ce17171
assets/minecraft/textures/entity/end_crystal/end_crystal_beam.png,16,256,391bdab96ac90ae0fb322b8ec5a9c14a892a036286ac4b459df43ce01d8079fa
assets/minecraft/textures/entity/end_gateway_beam.png,16,16,6d5857dd1c9df84bf4d3396dbf5bb8ef6cf982eb5b0e8c0e6f8d6cb79bc1db18
assets/minecraft/textures/entity/end_portal.png,256,256,81acb42873e1e9bb22a9c5b7a47aa8754b732bca3e46a42005ac9ed585e850ac
assets/minecraft/textures/entity/enderdragon/dragon.png,256,256,e6dcbbd9b86aacbc0a57a12c5d2a9ccf745189f7339e33e1ea90bfdca78e7439
assets/minecraft/textures/entity/enderdragon/dragon_exploding.png,256,256,1672b2abbbc5c0df01ada5cba3422e56ccefcf1bc5d6f964a141d5f6170b23e2
assets/minecraft/textures/entity/enderdragon/dragon_eyes.png,256,256,0b323fbaf7c12dae380e4f9455a65cedb7a2949b6027407e14b7dab7f722b441
assets/minecraft/textures/entity/enderdragon/dragon_fireball.png,16,16,9cb56adced0931fd3eeddf9d359cc036fd494179176644809fb16bd5f76cdaf1
assets/minecraft/textures/entity/enderman/enderman.png,64,32,acf3a184b7e409ba005dd6709014e9f2575e3f7847eed1e897137746516814fd
assets/minecraft/textures/entity/enderman/enderman_eyes.png,64,32,ca54cf7a44d4819403fa9483f6dede72ae25c93af15a6d823e43a58a0fb0cf61
assets/minecraft/textures/entity/endermite.png,64,32,cd4019184a39419b3a93ebe2feb363ee45baabe0b73648a6e5e167e984558b9a
assets/minecraft/textures/entity/experience_orb.png,64,64,40ec3a361a822919d7e4940d1cb8af5ce0862ca90b20a5c7198a026c1c6eddef
assets/minecraft/textures/entity/fish/cod.png,32,32,22160327e2e19bcb03394d39691d957030a8e7812f12634a7f30fb11fcf38245
assets/minecraft/textures/entity/fish/pufferfish.png,32,32,3f253d1f3b3624cd1de8f728e20b984ccd17db2948b54952c9f4941cd8b64ce7
assets/minecraft/textures/entity/fish/salmon.png,32,32,668d382ab61af29f593877f555472db039f3b6d58f77afee340dedd8e8260aa7
assets/minecraft/textures/entity/fish/tropical_a.png,32,32,c46d5fada6699c4f12978742d137aeb21ba8ae92f9b4a763d342498538d97f37
assets/minecraft/textures/entity/fish/tropical_a_pattern_1.png,32,32,8940154d4569de377c5b773ee45cc996e67afbb6484496f947f92f5937355c86
assets/minecraft/textures/entity/fish/tropical_a_pattern_2.png,32,32,0bd39781592ab383b3e87234b2632beda8703785badff0c372e9057a894714e8
assets/minecraft/textures/entity/fish/tropical_a_pattern_3.png,32,32,e857ae759029b612687c1129e19f385cd2138486e51e6a22cea0d4c9fcb0edcf
assets/minecraft/textures/entity/fish/tropical_a_pattern_4.png,32,32,3483429efba4c58fdcb9558714a936f9bc1d329e46cdd4d15f84ebb989675e1b
assets/minecraft/textures/entity/fish/tropical_a_pattern_5.png,32,32,ae44748467b02d0c5e44c3c5780342a1090a3f13c3e48d6a78c5771b9c593a88
assets/minecraft/textures/entity/fish/tropical_a_pattern_6.png,32,32,af23eb402fd32531a74dfef5beaa715fa979e96f973d9c6c2e2f5288f0e2853c
assets/minecraft/textures/entity/fish/tropical_b.png,32,32,5c32679d1c2f37b4423781bb1f06ff46bc5eee46bcd34a651f971fef86853e39
assets/minecraft/textures/entity/fish/tropical_b_pattern_1.png,32,32,9cf3ddc95e169c64323e9f6459aefa0533b31a19c157e4c53625cd31bc23bc8b
assets/minecraft/textures/entity/fish/tropical_b_pattern_2.png,32,32,46ba5895330f4956536a7c6bedb14e99b937609e1aa00247501fdbd6b77c9920
assets/minecraft/textures/entity/fish/tropical_b_pattern_3.png,32,32,f4b22d17a097f053bfb67967022390556c060b9673d86095eec6544a495adb3c
assets/minecraft/textures/entity/fish/tropical_b_pattern_4.png,32,32,c00bfe2f04a844f36bce97392ff3baa4d58868b02a910900ed24a989cf435030
assets/minecraft/textures/entity/fish/tropical_b_pattern_5.png,32,32,49672275e4bb95d2111e8f448dd66c37a46fc4460fbe636abe4b3f906441034e
assets/minecraft/textures/entity/fish/tropical_b_pattern_6.png,32,32,d545591ac374b62af5e03d99ffa547aa61d90949f06cf7a822ecc18db34a952a
assets/minecraft/textures/entity/fishing_hook.png,8,8,f4c642d2f12aa8ee7e7c9acbc1b197cf8209a91d9e69acdff1bba4b3193cd785
assets/minecraft/textures/entity/fox/fox.png,48,32,2e3e159442283a4823d3576978f4736a5bdab8283287a7c2b91de54e5dd19c33
assets/minecraft/textures/entity/fox/fox_sleep.png,48,32,337706d5335a62486ef7f8774616c22be68fd08efceb792811db028ae4f52d3d
assets/minecraft/textures/entity/fox/snow_fox.png,48,32,f283deaf14d5baf832e74ab2daab04acb2e93795c1f1bbe06fbf48797c8e4b05
assets/minecraft/textures/entity/fox/snow_fox_sleep.png,48,32,295434a08c1a7c56f9e18738e59163566e92c65f43498b4dd6ebc4575ed260cd
assets/minecraft/textures/entity/frog/cold_frog.png,48,48,8d3c84dc22ab372cb89f30f93d8a626cfb77a3dc51c3c9ee73ab249dea99614b
assets/minecraft/textures/entity/frog/temperate_frog.png,48,48,52e249ecd4594e584e64c8d8d5fbcc03b1483d164c10f6ffafea1b8f4c524074
assets/minecraft/textures/entity/frog/warm_frog.png,48,48,17105ec32ae9b7f7254e2f335ccede55aaaa2e665ab715992daff53f94dce733
assets/minecraft/textures/entity/ghast/ghast.png,64,32,720b7e3b0ee3342f65144d85d5ed05ec95fcdcf13d0b516badd0ea4a9d10045c
assets/minecraft/textures/entity/ghast/ghast_shooting.png,64,32,aaa4fa6f30938d4cdf043cef8ec27ad11cdb6f5c70d870e485c38b9165708baa
assets/minecraft/textures/entity/goat/goat.png,64,64,95de9572081d735be8682c8b4caa8fb830d9625dd7ce1d0c223d48fd89b5cea3
assets/minecraft/textures/entity/guardian.png,64,64,aeab9927500d6c8ab520565e219b253093d601d4ba10ab82047123b102ef514b
assets/minecraft/textures/entity/guardian_beam.png,32,32,d6c8c55d76c244c1221193e2b2000b7b3912457e61d321a7b01127492849e8e7
assets/minecraft/textures/entity/guardian_elder.png,64,64,17bed4a2391a9a0918e5c2e432c6a96678b0b8dc6dc6a25e8d3db32b6fd9f343
assets/minecraft/textures/entity/hoglin/hoglin.png,128,64,9153ea1f05b249b13872eeed99c48875998bd8b15d78ac8798c9906757354f66
assets/minecraft/textures/entity/hoglin/zoglin.png,128,64,d1cb1b29b05963f17e76ea3927e98f14ecf90b2fb2aaad98f16e24b3d25a0c80
assets/minecraft/textures/entity/horse/armor/horse_armor_diamond.png,64,64,917e7473d34f355abdc5810ff533f9f74f2cec1f0a3b1bb8dab930242028b72d
assets/minecraft/textures/entity/horse/armor/horse_armor_gold.png,64,64,995ec74ac33b5d473b6daa6b81504b7379f93c612a2761f1e107f7db3e6a5a93
assets/minecraft/textures/entity/horse/armor/horse_armor_iron.png,64,64,e6aa13d87363dded15233d2583522a0f09389c59e511ca9e0159e3f11a4bda1d
assets/minecraft/textures/entity/horse/armor/horse_armor_leather.png,64,64,aac315e689a8bbe79bf983c37fcbca8029e7b3b6d085ee271edf3ee1c74c9bf9
assets/minecraft/textures/entity/horse/donkey.png,64,64,b8ac4479e3119f84acd86ec25c57e04fb70a464950f2c7d7ede4bf5a343936ba
assets/minecraft/textures/entity/horse/horse_black.png,64,64,356926d69c0c0e365b5a54524342b5a402ad5ac28292b108a37d07ada8a286cd
assets/minecraft/textures/entity/horse/horse_brown.png,64,64,49d662a36e71274f5e55cf0743be4571670f5f2fa74615191b211b27c42089e3
assets/minecraft/textures/entity/horse/horse_chestnut.png,64,64,297b708a26161604f00fa44e7f0368ced8da2f2590eb820ed2d272cc8164b107
assets/minecraft/textures/entity/horse/horse_creamy.png,64,64,7bff7537de5b3b198c8c9ec6fed8a9ee10de6c210770d986c9b556cbaa6e0b00
assets/minecraft/textures/entity/horse/horse_darkbrown.png,64,64,bebc2852857be288927c3016079d13506992edfa480e5811493e372f00bf3356
assets/minecraft/textures/entity/horse/horse_gray.png,64,64,11b4dd540717ea3e2b6da15eef56efa7440eadd922d5a6459e203a47dd87fe64
assets/minecraft/textures/entity/horse/horse_markings_blackdots.png,64,64,e3d45c5459c57c98ba7fd8500784ff8d11d29462a9178f7f2b8d6c11b2cdc18c
assets/minecraft/textures/entity/horse/horse_markings_white.png,64,64,56a0f754eac4bfd6f974eb0c899d9bc1bb6ed9d460ed00c29dcead6ad5b26445
assets/minecraft/textures/entity/horse/horse_markings_whitedots.png,64,64,7cd78f27b695c51fca3c1143d0c24dd03d43a39efda60e4fb4c91659dc75eee4
assets/minecraft/textures/entity/horse/horse_markings_whitefield.png,64,64,9e04766907f85d32ad8af4f8be9976a4d1f6141caf047291e82e3899936093f0
assets/minecraft/textures/entity/horse/horse_skeleton.png,64,64,ea673fbc3da2545854f927361767ab6bdb52d9dec53547bddd4e4806163a6305
assets/minecraft/textures/entity/horse/horse_white.png,64,64,8023e61e102499cbc98520bf0171a4ac622a1e619dacb4db8ca310e20a2d03fe
assets/minecraft/textures/entity/horse/horse_zombie.png,64,64,6a0463da497841f751c795e129e54d2dfd683b11912415ff9e17b3249e54236b
assets/minecraft/textures/entity/horse/mule.png,64,64,c272f927f5b6317ee580b40de02327b07c4a85ef71c469dac8f7b9f8f43554e5
assets/minecraft/textures/entity/illager/evoker.png,64,64,9b35ad0e9bd6e8a58928681308959c6a59f7d4e85827089324cce7da9fa38ed0
assets/minecraft/textures/entity/illager/evoker_fangs.png,64,32,0119b533b976327320e78a77b53db39d6390cd280aa076499fdaf5a50937a786
assets/minecraft/textures/entity/illager/illusioner.png,64,64,084b86ba90b2974bd0b79785c89f7f8c300843c90a17f9a0a1a85911841d72b0
assets/minecraft/textures/entity/illager/pillager.png,64,64,be6730c832abfd7709e93735d81e449c57d104c907d19ea91859120540683a6d
assets/minecraft/textures/entity/illager/ravager.png,128,128,65b0154c59007b04d8ed88b95b67324f5d95f37581ca5d68f2b0fe8aef5afd34
assets/minecraft/textures/entity/illager/vex.png,32,32,2b9b1301e217717f211ab85ae2e7efcea39973996877d2b2e8f5f22b31e49a3d
assets/minecraft/textures/entity/illager/vex_charging.png,32,32,b7f1a66fa8dec6f0e1c83cefa6343be9f089e06effa2f7b31a986d5c60d0ba25
assets/minecraft/textures/entity/illager/vindicator.png,64,64,9084bd8e4fcc03f77c9fe245072ae8053e208992898c2c05f88b201cd6a58679
assets/minecraft/textures/entity/iron_golem/iron_golem.png,128,128,e596d3c1c1c3534cedbad9d2a8358563f6aa5021cc2dd13ffe8dcce2dc508f4c
assets/minecraft/textures/entity/iron_golem/iron_golem_crackiness_high.png,128,128,63f042cb0f4c5ef3c27618e5d945ddbdfed8d897505d2df38b20304dfad47df0
assets/minecraft/textures/entity/iron_golem/iron_golem_crackiness_low.png,128,128,956a02d8ca81537611d01165e61bc71da13a10c7b5a8108b13462719a0ee12ef
assets/minecraft/textures/entity/iron_golem/iron_golem_crackiness_medium.png,128,128,70c3d0e377d8ee77bd9480ee15dfb68956e5a2ddaea7a6407ff9b19d2b71a00b
assets/minecraft/textures/entity/lead_knot.png,32,32,4133aec220015bd66709408d7fd4479bbd2f4bc77caad2e8202f50419cc3789d
assets/minecraft/textures/entity/llama/brown.png,128,64,473c512d781b236bd63e8f40648ccb19ec3ac97793a2744221f8e92825a02fd9
assets/minecraft/textures/entity/llama/creamy.png,128,64,40605a5b39825b10f7cd585af38691f1fa0a697393ab0c3ed63f757f74b932a6
assets/minecraft/textures/entity/llama/decor/black.png,128,64,8ae0d171bbf313f59fbfdbe5da1b937f21fe431eee2ed39dd906bf429559f82b
assets/minecraft/textures/entity/llama/decor/blue.png,128,64,e34b987514f1860cba080e2aab13d39a6b137a566f35ac4867a25584aed10406
assets/minecraft/textures/entity/llama/decor/brown.png,128,64,91360f4415a75d8dddd69e720dbba18872d2a3772951e317dc8c019fef85fd51
assets/minecraft/textures/entity/llama/decor/cyan.png,128,64,cec28f397476dddfaa75ee8af350e0abdedeadf0d0f2dbf8657be89fa7c05da3
assets/minecraft/textures/entity/llama/decor/gray.png,128,64,42874589467e33877995fc56339d3f79f3d2335610d2058db451a0b839c06e70
assets/minecraft/textures/entity/llama/decor/green.png,128,64,8e922d2312e22d24026160a9f7b0db493b26db18c8ec6b05ac737f80b6728421
assets/minecraft/textures/entity/llama/decor/light_blue.png,128,64,e84eb735fc9b17ac55cc551dcf9ca87cfca599bc392b1acc81e88959eddb3e71
assets/minecraft/textures/entity/llama/decor/light_gray.png,128,64,afca8a3fed0e97aae2436f1abf7fcc8c56ebcdd0f0a61380caad036cc05e7ebc
assets/minecraft/textures/entity/llama/decor/lime.png,128,64,d03a1548de753510766dbe3ca202e44dc817e471bf4616b4f0872217002ebe7e
assets/minecraft/textures/entity/llama/decor/magenta.png,128,64,3e92ebf7e94037084ed05a56e5e001a4ae14ce25d01be5aa2867b53f88959d6b
assets/minecraft/textures/entity/llama/decor/orange.png,128,64,b26b443d1e37b343010d39f4ae08bf4fd86af974dca6ab74794eb23a176bf102
assets/minecraft/textures/entity/llama/decor/pink.png,128,64,cf3f04e606bbb98f19ee7fbfbf97d4110aec7556eb56d580f636181fac2cb5ea
assets/minecraft/textures/entity/llama/decor/purple.png,128,64,1d5474e0d41faa663561b69503f4610c5431c2c7c8ed12aa947ff6ad1f5bcebc
assets/minecraft/textures/entity/llama/decor/red.png,128,64,3a482feb748e21fbbdcf58d017461cc39203dc6e86f4bac87394fdf34e8e6ebe
assets/minecraft/textures/entity/llama/decor/trader_llama.png,128,64,b8ae1f6db7261c9df1d929ab12d608465bf6772075c5666d78ecbcc1dc2cf1f5
assets/minecraft/textures/entity/llama/decor/white.png,128,64,2a3697aa8706621a20ef823cd9a885c2aaf97d0a9465d9bd0638bd31b642d3c3
assets/minecraft/textures/entity/llama/decor/yellow.png,128,64,7371f8d851309c96ecdaca80d3ea686ed82e37b06b06865b159c7ada940dd610
assets/minecraft/textures/entity/llama/gray.png,128,64,3060d865b33bcff20aa5b10c0b881192f2df5c2bfa27555307fb3d74b8b3b8e8
assets/minecraft/textures/entity/llama/spit.png,64,32,3405639237416668ea124d8c9d3997b2803b4a97e706df8d2bebf6e6c0ef1014
assets/minecraft/textures/entity/llama/white.png,128,64,0ce33401d87b1d992cb33afdddb527a349f1139c08d8b000764f2db8d6609d7e
assets/minecraft/textures/entity/minecart.png,64,32,a00165e7436d147d49ca0e06ff7e03fca5068796f295c0547731f8c506083e8c
assets/minecraft/textures/entity/panda/aggressive_panda.png,64,64,eff284fcac276460e7793be80eb6df79fad8075c004cd807a570dd24f77c4bb5
assets/minecraft/textures/entity/panda/brown_panda.png,64,64,5d5141ccfb7d3da7cec17a3091cc788c76abe1b4c774bf5f67372fae17c5bb2d
assets/minecraft/textures/entity/panda/lazy_panda.png,64,64,0016af760e3c4762c34a55bbd176dabd215b8e147927c8cbbe47ad1fb0b45953
assets/minecraft/textures/entity/panda/panda.png,64,64,4a2b2340695284e24b4987d618932d305d902b163940120c9fe3cebd32b85d3f
assets/minecraft/textures/entity/panda/playful_panda.png,64,64,5a80c7d1543e29f95046ca4e7881ab606a226498230ed279cc31a33077cf128b
assets/minecraft/textures/entity/panda/weak_panda.png,64,64,3e086b8b221e7a0b11937f871f7a1593d1b4c82947a664b8f6b23c33737b5d4a
assets/minecraft/textures/entity/panda/worried_panda.png,64,64,fe9e3e888f7bd3e46bc2abe4bf9ebdc50a106b0818a374c482f5bd81c455e741
assets/minecraft/textures/entity/parrot/parrot_blue.png,32,32,832d7f70489f1a732ede469086932f439012bf1264e1eb57fde62d84df4f96fd
assets/minecraft/textures/entity/parrot/parrot_green.png,32,32,a801516a4d748105e241ea6e258cc6076b58a67faaadfa358c86d64eae39704d
assets/minecraft/textures/entity/parrot/parrot_grey.png,32,32,4a8888d10d45c1b369765a6f9a33dd1088fd2f91308e3101d6f692756d0bbf7a
assets/minecraft/textures/entity/parrot/parrot_red_blue.png,32,32,38b31d78c84ef18305a7301f2dbbc56f8898e2e09d71fcfccd312d11a7a62145
assets/minecraft/textures/entity/parrot/parrot_yellow_blue.png,32,32,653559907d9b981a78fd987faaab95f09a20549f9619b2538d2aa88314fb7279
assets/minecraft/textures/entity/phantom.png,64,64,8707cb57f9f4202bfb6c512f191e310f43eaed395a9ecfa0cec1cda415156a86
assets/minecraft/textures/entity/phantom_eyes.png,64,64,7822a936cb20c677fb85789c7fbef2f15d54b41800f90723d2d00bc4b49a2102
assets/minecraft/textures/entity/pig/pig.png,64,32,d608804aebbf1a0602f341f03ce7fe768581925fc15a73c1b8901a57892b3b05
assets/minecraft/textures/entity/pig/pig_saddle.png,64,32,976d126dd780920c3475f91e034c70530462ede1eb275ceb73a33fff9b2c674b
assets/minecraft/textures/entity/piglin/piglin.png,64,64,691519b059c90474b39b73d83dbb532bdd999f5d8b0c31f623d5f57b095b7c50
assets/minecraft/textures/entity/piglin/piglin_brute.png,64,64,dc2b19434d855bf83a4c77cc98ffb3201776fddd17fa9a55f86144ccd529c95c
assets/minecraft/textures/entity/piglin/zombified_piglin.png,64,64,a99e1e770b8e838a01111ccb9ae0ab1d10ff8f29354b6158b51be96abbf46446
assets/minecraft/textures/entity/player/slim/alex.png,64,64,052f3084767df1d22b45850ca9668d7263106b619c79f932f539cd314f93a0fd
assets/minecraft/textures/entity/player/slim/ari.png,64,64,14ee1f2fe0190f2cd78450b3afb17b0c9a99098acdf0de3ee6baf858dbbbbb80
assets/minecraft/textures/entity/player/slim/efe.png,64,64,66588bb0adfcb8d6e7332fd5a6616c5855c554b1ea4784945dc9b4ce8c9270db
assets/minecraft/textures/entity/player/slim/kai.png,64,64,8f45f08dab7e34422bb9ef82deb0f5d55fec2554e8573609f8b8d85a878314a8
assets/minecraft/textures/entity/player/slim/makena.png,64,64,8d06d55f9ffd5fca311bc78deab3793f597b0152d7173a49e66f37f5e9fa5be5
assets/minecraft/textures/entity/player/slim/noor.png,64,64,a8bfcfbcfc85677e9d9092cf3759894ba102bece449af2e400daed42cb705f06
assets/minecraft/textures/entity/player/slim/steve.png,64,64,294d452907a07223ae09059a910665f69add66d09fb38782b911f3df73f4c5f9
assets/minecraft/textures/entity/player/slim/sunny.png,64,64,e3e5a983c499886be2c6b173a65fbb3d0266e63e1ba33df2293c984c650fb748
assets/minecraft/textures/entity/player/slim/zuri.png,64,64,e1158f886660356b7932b97080745e4f04e0d25bf0aa9505795cae5bc2bb337d
assets/minecraft/textures/entity/player/wide/alex.png,64,64,d9736fc12f925e81c05ec8ac240b4d0f9bba29a30002ca79508621c8be2e0025
assets/minecraft/textures/entity/player/wide/ari.png,64,64,86edc2e9cea05d72afc9103ab82a6f95e0ac03ff6ea9821a039ca9f2bac69c7b
assets/minecraft/textures/entity/player/wide/efe.png,64,64,f89933431a0a9a7984c899f9d09d263295d2aa6d96ebcb4f07e982a4b3532c50
assets/minecraft/textures/entity/player/wide/kai.png,64,64,fbc1b7f3ce8017f0cdb5c5075e05823dc8a0af244f6e1c4d1dbfe866eaaa39ff
assets/minecraft/textures/entity/player/wide/makena.png,64,64,f1c59b5f04f96cf4b8b6c376c4efb5fd78fa80c66399b0cd571fef59eb8f5cf5
assets/minecraft/textures/entity/player/wide/noor.png,64,64,4d27a3a0d1bcdb8a428bb6392f923718570783b7090d6eb3ee932900030c258e
assets/minecraft/textures/entity/player/wide/steve.png,64,64,090da8d92c9f54fcbea87e6a2fb94125604a5a92a9ed6a52c10ee61c3b84bb79
assets/minecraft/textures/entity/player/wide/sunny.png,64,64,01c42b3b207538cfc73509d3180eb0db77c3e4c7e5e5534b3b1045540a03df1f
assets/minecraft/textures/entity/player/wide/zuri.png,64,64,d8bc1c860f09d0768ca4d1c4817bb5ea41a8382592c63e073439dd4a437f6053
assets/minecraft/textures/entity/projectiles/arrow.png,32,32,dd9205d73acaf3f610084b131f1b9aeb571c9b905cb5466fdeee9a2ba38e94ed
assets/minecraft/textures/entity/projectiles/spectral_arrow.png,32,32,fe991528350bddf92f1b146414437cbec8b550a06914c1c06b025ce0b5b9ba43
assets/minecraft/textures/entity/projectiles/tipped_arrow.png,32,32,dd9205d73acaf3f610084b131f1b9aeb571c9b905cb5466fdeee9a2ba38e94ed
assets/minecraft/textures/entity/rabbit/black.png,64,32,7a658db7eb740b89682277989dfe8ff2a4673fa57e3eb1a67da4b809312df124
assets/minecraft/textures/entity/rabbit/brown.png,64,32,345a114a33b9cae6fe0382766441e4ebd48e73d53f196fb2ce710d5e394665e6
assets/minecraft/textures/entity/rabbit/caerbannog.png,64,32,cc249558ff61f23b58bd5f650f76583970484e51cc2b9dfd52cc588d34b0bdb0
assets/minecraft/textures/entity/rabbit/gold.png,64,32,70b857890ebf2dfcdbb43b9931eaa253b71f1ff678591189c6ec7a94622d8886
assets/minecraft/textures/entity/rabbit/salt.png,64,32,aa4bd3b584c114e567ea818ebbcaab2029dc907d5fcc466293d7617ca5a08ae8
assets/minecraft/textures/entity/rabbit/toast.png,64,32,9f859bcddf888083f231b78517a0b0ab6f637022e871e4f108c1d8aeab4f184a
assets/minecraft/textures/entity/rabbit/white.png,64,32,fdc12d2736d90c7fdd62857faac363554e3e1ee9e5ae293968357dca93417388
assets/minecraft/textures/entity/rabbit/white_splotched.png,64,32,3344131de330efa42f470e7e7c1fcad6eaaff982889b704bac284c1a497b0410
assets/minecraft/textures/entity/sheep/sheep.png,64,32,192dc1036e41f1b43fc504e0a3738570f15b1d15d28ba963bf3fe636956dbff1
assets/minecraft/textures/entity/sheep/sheep_fur.png,64,32,8b68443a098a6218dac0544ae16a9ca0c141088b78c3e71c34d270c4223981bf
assets/minecraft/textures/entity/shield/base.png,64,64,27bb84832139e41e87723fb9b49ede472527624ca0cdcc1f0b237abb589af027
assets/minecraft/textures/entity/shield/border.png,64,64,c6fc04c177177035bf207d2bb941e45f5fd0220d07ca534aac5899c95ee6e511
assets/minecraft/textures/entity/shield/bricks.png,64,64,c7ebadd2002fda2c70d997de6dfefedad5fff2e7f123c64b352a18d38e2c026f
assets/minecraft/textures/entity/shield/circle.png,64,64,39b318231122e42a1b02f2d157a0a7e32c4b79f6bae17f1fd61c24b9eba6e72c
assets/minecraft/textures/entity/shield/creeper.png,64,64,ff0f67445f01c3bdfbcb570bf39fb91fce774015f6a7ee30b382a59acd254363
assets/minecraft/textures/entity/shield/cross.png,64,64,ef19789a2dfce8da3edca25fff530775a012567051f28c4f541677214ee12cbf
assets/minecraft/textures/entity/shield/curly_border.png,64,64,943984794f9d6288c3b29aababe375f57338b4d0647ee6b8a39ff0c639ddd566
assets/minecraft/textures/entity/shield/diagonal_left.png,64,64,7e3cbba155a3707137d658ecf9e61a30d610fb2ae7665fb37490c2a8c05c46bd
assets/minecraft/textures/entity/shield/diagonal_right.png,64,64,ba8fef04f8dafae40d8983f483c42c9e9cb74997e11f0130080de5f7e011254a
assets/minecraft/textures/entity/shield/diagonal_up_left.png,64,64,3dbab1a0d24e12ea6ef0a11d85dc90a4b87bf010de94e6568ab508a4a9be2add
assets/minecraft/textures/entity/shield/diagonal_up_right.png,64,64,e9d9c41c900926081498cbc1b2464b6f6b422def9dfe4de9e7a4eab929249ae7
assets/minecraft/textures/entity/shield/flower.png,64,64,aef231757d0622ad298d6a619eb990378db5583700bf1ecc8be7c9bcc69028ae
assets/minecraft/textures/entity/shield/globe.png,64,64,09c689d58962a0525990127cf9a38a8345425e1466e0e2d384b39f37b6901f81
assets/minecraft/textures/entity/shield/gradient.png,64,64,8947914b914de7456d147e8921ba0f753fb830558afd2d4ae9944137da31ad3e
assets/minecraft/textures/entity/shield/gradient_up.png,64,64,aeeffafde197651111128ca54960e80e454baf92cbe1fc9b9a3880ee8a4d9e7f
assets/minecraft/textures/entity/shield/half_horizontal.png,64,64,9e2c8dd84b42ed2d09f6e27ff2e6dfe9fc05898489ab8b6aae38b5e46b1e56ac
assets/minecraft/textures/entity/shield/half_horizontal_bottom.png,64,64,2f6ec3ba8374ec8e06dfbcd80478c2494c754a123495f41ac3544023ea0fddb9
assets/minecraft/textures/entity/shield/half_vertical.png,64,64,f70d71b6c11ca8e5221ebc0526852205b95b3efa34f55ce702597e48711db6ed
assets/minecraft/textures/entity/shield/half_vertical_right.png,64,64,61477a4c520cdb6c10e395fb7e63afdb82b16197a8cc629b0b1c613fb29ab2c7
assets/minecraft/textures/entity/shield/mojang.png,64,64,f24aa65bd4a9cf5ba8fd8119764248e8f4de681af6a13533e608258fb82a31da
assets/minecraft/textures/entity/shield/piglin.png,64,64,fcd185a24338d924e6edfd9fcc4c2894be184a72070603805a3a323756b4dd9f
assets/minecraft/textures/entity/shield/rhombus.png,64,64,0ed6fcaefc62bc178adb87b645589360fdb3345b082b653cf48e5fd0d27012f4
assets/minecraft/textures/entity/shield/skull.png,64,64,d31b03057c31345220282e6006327524ba7577198e5e4ac72e2dfd9f9b10f8cd
assets/minecraft/textures/entity/shield/small_stripes.png,64,64,a73eefb80083fa3357e5197fcab20c216b9075fccaa00c60f4c539a622ec6158
assets/minecraft/textures/entity/shield/square_bottom_left.png,64,64,6967183f3ecabddf956c5f2de09fe2947a9da4d1df235f02b7327e30a90e8199
assets/minecraft/textures/entity/shield/square_bottom_right.png,64,64,5e44fcf95c4817b9e7f7a16701044634143944eb3cd4cdf132a52e0b1326493e
assets/minecraft/textures/entity/shield/square_top_left.png,64,64,47cdaaf7127d871e530ee6354eb8283161cbb437c570f0870b86b612c72ffa9a
assets/minecraft/textures/entity/shield/square_top_right.png,64,64,45fcb4b60b5206254e1937a96a0a7bcd393a92562b7a0c76c4eccc6b5d5b2946
assets/minecraft/textures/entity/shield/straight_cross.png,64,64,07edaa137b75297c2586938b2d23c6ca743b4ac72f880c3e2a8740305ea210d9
assets/minecraft/textures/entity/shield/stripe_bottom.png,64,64,22d340afc5aa3355c0fdf4b73056101871f630be457b82dd5760866dc8377923
assets/minecraft/textures/entity/shield/stripe_center.png,64,64,d4d0142d23a3aca18183926e8cb9745a3874477b73ae706123072af8fe58581b
assets/minecraft/textures/entity/shield/stripe_downleft.png,64,64,6e7ad875cc8ccc100caa29088b156d33b26d9fee3ab24bc453dee9bb10a974ea
assets/minecraft/textures/entity/shield/stripe_downright.png,64,64,00d86c2ec94f1218661544b021c716425fcffde13492220a16c8b794fe333394
assets/minecraft/textures/entity/shield/stripe_left.png,64,64,ab13e004b679322b93a3d6e19ce880eb93b7c48332b4e6bc8d58e0c3bf23f535
assets/minecraft/textures/entity/shield/stripe_middle.png,64,64,746c5653c3c619d99ea3e93a10510169ac652caa750e3b591c934429d2c363c4
assets/minecraft/textures/entity/shield/stripe_right.png,64,64,3826b4f02ffdf8e0e3cfa59c5bd360bc1ba9712afb7c72b115e9e65208abaf44
assets/minecraft/textures/entity/shield/stripe_top.png,64,64,cf16d5ca8831c8be0ab66fb1568407f3bf7f09db595e907c3fe86809bf9769fc
assets/minecraft/textures/entity/shield/triangle_bottom.png,64,64,27a5cb8bbc949e3dac06b9cc55d090ae4f1c476fdd8f47fc83cc6ff3f362b822
assets/minecraft/textures/entity/shield/triangle_top.png,64,64,730e34088a2baf47d5be0829eac8541eb830b9ac77264644eb967405624b44fc
assets/minecraft/textures/entity/shield/triangles_bottom.png,64,64,1e3d8231849ff43de1ee488d0794e810245a9aaf849fb9ac10ab90a5f355c182
assets/minecraft/textures/entity/shield/triangles_top.png,64,64,8290a0a8275d4362df8cdbf59a3193daa70b9331b4899d3d573053b2fd7bb8c6
assets/minecraft/textures/entity/shield_base.png,64,64,2530d83148c3493c4d8b7f502af2c8003ccc9bcce3a55d4c5ca557934d83aedd
assets/minecraft/textures/entity/shield_base_nopattern.png,64,64,74c81b9e735f2f1b5abc5248ed8e73d117c3410edc1f053eb93616ff89487d15
assets/minecraft/textures/entity/shulker/shulker.png,64,64,a6d9371632e024397493158582035b7dcea36db6e0f00aa845361c1ffbe0740b
assets/minecraft/textures/entity/shulker/shulker_black.png,64,64,deb56ec6e023bdb0a13301326b64b91141ddc87aa86a63fa1333b204e2b76314
assets/minecraft/textures/entity/shulker/shulker_blue.png,64,64,1e1e22511b4b3e8ae35495d718c6afd3a9f69adca72e133447f6af82a2aef835
assets/minecraft/textures/entity/shulker/shulker_brown.png,64,64,b60c33539ddb431b3c39516037c30a0559132781ccd3f47642e2686a7c865a16
assets/minecraft/textures/entity/shulker/shulker_cyan.png,64,64,380b91b20a0b7d5b991b042b88151a33c11cadabb4266d7f271fdbeb4b11beeb
assets/minecraft/textures/entity/shulker/shulker_gray.png,64,64,44872898b20abe81c515c53b530e3f733bacc760443e03985adea1fbe2e387a9
assets/minecraft/textures/entity/shulker/shulker_green.png,64,64,09bb397ad645f9365a0f4a5c5414ef55fa9779e01c71282458ce4df78efc1778
assets/minecraft/textures/entity/shulker/shulker_light_blue.png,64,64,51d298c59f30ebcb3a165e16347da0cb1e3276bb103dfdadb6cba8500dd03de6
assets/minecraft/textures/entity/shulker/shulker_light_gray.png,64,64,1a3082fb459968b2851201a0fa141041b5a29140bc1d3214275cd17ad8565794
assets/minecraft/textures/entity/shulker/shulker_lime.png,64,64,085f0bd2fd7fd61091705ba751ba797949c12640b0fe395932f11d2a88e1fd41
assets/minecraft/textures/entity/shulker/shulker_magenta.png,64,64,472ede75638fca70df2fb5b380da0b16a6f83d87718c13143b8c62347477442b
assets/minecraft/textures/entity/shulker/shulker_orange.png,64,64,8b8d78f5c1ed89b777263db9394aafaa3d389011bdb3ca41d82ad7d37d3059cf
assets/minecraft/textures/entity/shulker/shulker_pink.png,64,64,b74cbf0b8769424698f6fb81e226977d60036f7c5cdf148cb59b2a370abeb120
assets/minecraft/textures/entity/shulker/shulker_purple.png,64,64,a92d80540a1ff89970a11b60016e61a5a505c407647ae1ff9b49870eb1f47963
assets/minecraft/textures/entity/shulker/shulker_red.png,64,64,91c1445f68f0d26d09b77d458aee64071a188c55b2d923bd1b1d85868587a0ac
assets/minecraft/textures/entity/shulker/shulker_white.png,64,64,2d49f08f77e8ec63212aa7dc644aee1f88c5e6527b0ca62bad27bf49df8ab111
assets/minecraft/textures/entity/shulker/shulker_yellow.png,64,64,8549bf4403a363a09d52db744040579b0ae2a18bfb9d50e0be77695bf80502c7
assets/minecraft/textures/entity/shulker/spark.png,64,32,56128e1464d6eb22a5846ba2caefde2e71aa9c587b8dc3194f5535d594fe5fcf
assets/minecraft/textures/entity/signs/acacia.png,64,32,9821e20ed1e64734a469094e627b2ba9639c56f20e45a02aa6354f3a7e63b991
assets/minecraft/textures/entity/signs/bamboo.png,64,32,4f615510567f5bebd4be720d14897d097ac8ddb1dc4fdda8ad09f556c82b9f38
assets/minecraft/textures/entity/signs/birch.png,64,32,fab006ab08018640fc4537e15124d508c7b71e7f876c7d2b951be66a2c2dd42d
assets/minecraft/textures/entity/signs/cherry.png,64,32,d9a9af2ea7feac176f8edcf3be13e11b9ba9023128e2cbe8506ff157fa0aaf23
assets/minecraft/textures/entity/signs/crimson.png,64,32,d4c695d1fe3ddc24a5ea1060c5255bf1c71a2c7c5e77fbf00ee36bc94aae7d58
assets/minecraft/textures/entity/signs/dark_oak.png,64,32,37e99217c70e4da27d3e3b6823c80df2d26239fa9be9e56ac39e8fedf5c90503
assets/minecraft/textures/entity/signs/hanging/acacia.png,64,32,d1ae495ffd8e6eae7acf087951cb3d64d3fdd0d17ff6127ff9c9e046be6d7805
assets/minecraft/textures/entity/signs/hanging/bamboo.png,64,32,210c3aaefabf8ee16b51ed0b53383542135b985e0f3a206334377a3438947183
assets/minecraft/textures/entity/signs/hanging/birch.png,64,32,062bccafa4d3e35d9abbbb82513e692538d6cac9ce72d7dc105402e1b864a4de
assets/minecraft/textures/entity/signs/hanging/cherry.png,64,32,dd888a0b4404c61a404b55335f0ea979cdbccbd71ae2a0bb67505c424cab7535
assets/minecraft/textures/entity/signs/hanging/crimson.png,64,32,20c3463bc2819ec0e0f2c7299d0c234ac63fffd35e070dab0418ea94595c185c
assets/minecraft/textures/entity/signs/hanging/dark_oak.png,64,32,da20b23d32edc7909d248432c1c03ab21436d89d542b9f39fd674aa1ef82360f
assets/minecraft/textures/entity/signs/hanging/jungle.png,64,32,3624b5b690188c571e6ba9de28a9a44b9e96ff4345cf54bd0844dfe1fa959214
assets/minecraft/textures/entity/signs/hanging/mangrove.png,64,32,704ad24fcd44133c2a6aa84e7a3cbb72003140f1a0a54abc5fafd073d1c86ee3
assets/minecraft/textures/entity/signs/hanging/oak.png,64,32,6ef67d90442fd143a57d430ddf1415e8620f2edf59a8876ea3982ef9604379e3
assets/minecraft/textures/entity/signs/hanging/spruce.png,64,32,826d1b3ec562057f85474364176d5f7d1134273491914f616520209f47ca8303
assets/minecraft/textures/entity/signs/hanging/warped.png,64,32,915c49d55b5d33c463bb570ef16a8e28c98b3f97220b58e24ec4fe505594e7f2
assets/minecraft/textures/entity/signs/jungle.png,64,32,60ad32da00dfee933330a2a5e3443106bd1df6a3a8b17847514562de0920e6f2
assets/minecraft/textures/entity/signs/mangrove.png,64,32,b6a89bb65658d3662db31f7778eec3dc6f7440c399824989db58a948e42820e7
assets/minecraft/textures/entity/signs/oak.png,64,32,6b78d29c9e5ba20074cb5fcd781038c745307a408fe55e55756293c06ef88e91
assets/minecraft/textures/entity/signs/spruce.png,64,32,449baed4f26bdaf8c43b88fbffeba71e2be23bf49cbfe15ea6fd70bbdc9bd3d8
assets/minecraft/textures/entity/signs/warped.png,64,32,c6f18573f8e77889d7505a7ef2e8c9301567f84ae3ae3447a2c097cb83224e98
assets/minecraft/textures/entity/silverfish.png,64,32,6ab3bd9c8f62c5dea778d8d6f062d51000d855ac15e07dc1cd6cf3442015fe13
assets/minecraft/textures/entity/skeleton/skeleton.png,64,32,9d467811493a08c4a9a0bd8810c1b6df097a09b6c8d6f63fc631f93aaec74dc9
assets/minecraft/textures/entity/skeleton/stray.png,64,32,60accfed4906a0d4eea82bc325330ec8da28ab7c3eb48e136013b9e2ad9a7186
assets/minecraft/textures/entity/skeleton/stray_overlay.png,64,32,907e1b0687118e5137c75d10f159a43b2cada7616be817c3e813212545ad01ac
assets/minecraft/textures/entity/skeleton/wither_skeleton.png,64,32,75486bbbfc804e5219a1d5a08efc8ce6fa380c043db2e63fca998bcac41483b3
assets/minecraft/textures/entity/slime/magmacube.png,64,32,cc1d41dedeaaa50c2938732f2735533ccb5a69fe83407e878b35c7cdaf05ebb6
assets/minecraft/textures/entity/slime/slime.png,64,32,3550893fba72bbfea38762d67f060b05d4de48620712d1de2a4cf0abe9472cef
assets/minecraft/textures/entity/sniffer/sniffer.png,192,192,f274df87f38036cb0bece9f8e9a26f95d6a6c902fd9a959016a1e5a8c02bfcf8
assets/minecraft/textures/entity/snow_golem.png,64,64,1fd7f7a8b7cd09cafb854cbb685a7333fb0a31ca41e4fd74fa437c1c22daf698
assets/minecraft/textures/entity/spider/cave_spider.png,64,32,b5c34f78c47ce1669a1b569db725f63cf85c6d77032c2d393d9b22b44fb68c9a
assets/minecraft/textures/entity/spider/spider.png,64,32,9d7655c3c25840f96cde37e7ab840c1b158b0fd9e73fbf949c12a81aa8c02b19
assets/minecraft/textures/entity/spider_eyes.png,64,32,5c1e64399a57c57edd518112c3e095a27a589071c3dccf22283ee25576c16af8
assets/minecraft/textures/entity/squid/glow_squid.png,64,32,295c6b60417da345fccd00253a66495b1eb80f986949834f443d54e9faa51d4a
assets/minecraft/textures/entity/squid/squid.png,64,32,70ab1cf798e1ca29f8b59db7a7b4751b87229c0c9b298bad35739ce8fbf465c4
assets/minecraft/textures/entity/strider/strider.png,64,128,1afdb3c846d8e741513cc2f5c22cfe8d8c1e412edec8d8df3ea507dafc9ed6cc
assets/minecraft/textures/entity/strider/strider_cold.png,64,128,fb4cfba92019f54abfa0d331d77e4076033a64e1123d97150a171c0ff4ba2cda
assets/minecraft/textures/entity/strider/strider_saddle.png,64,128,7083f5137e96726c19dba369d948d8f9c2893796c4d5c5bb184c5d026f276cbb
assets/minecraft/textures/entity/tadpole/tadpole.png,16,16,d2a4059ed7e0898ead9b82ae929518f3c2b18ca83c29fe63ec3dbc9e10aabc14
assets/minecraft/textures/entity/trident.png,32,32,4b73017d1fbdad1beb6c8c700b43bbbae3b6e0589e6c8b8ed32233bf4eda4104
assets/minecraft/textures/entity/trident_riptide.png,64,64,58b524661db4bea93a5f535a9f83ec73c16d7672cd61c57896a155e49f7cf27c
assets/minecraft/textures/entity/turtle/big_sea_turtle.png,128,64,e309d180ff8c5f92b17463645b59f7abf433f2855fe14922620844c64030a15a
assets/minecraft/textures/entity/villager/profession/armorer.png,64,64,be4c565b32eea65234da4a03ef08b0b8fd4dc2ecedefbe935faf48a1418acd34
assets/minecraft/textures/entity/villager/profession/butcher.png,64,64,2f5ea8dd5eba2e81a7c9c663923c44ddfa64b9b3d6928f32f7caaa22051796c1
assets/minecraft/textures/entity/villager/profession/cartographer.png,64,64,129c39ca12ffaee055b71953ad1c86f557274532822936959c75b56a107689fd
assets/minecraft/textures/entity/villager/profession/cleric.png,64,64,00ec7d87d811b1425303f512abe2741755286f2c11735c1890b6e55149aee9df
assets/minecraft/textures/entity/villager/profession/farmer.png,64,64,e0914df3f0ab7f1710c76cefae6c7e658210abed28d12ef3198b8db18285d8b7
assets/minecraft/textures/entity/villager/profession/fisherman.png,64,64,d3667f47e34ba4a418b65870ccd53bb627870867c097eb6e9cb12cd282f5b3e7
assets/minecraft/textures/entity/villager/profession/fletcher.png,64,64,542d871484d01be20ed6a1cedb4040ac7b99b57f7bbe9a9001d3f6f8a4b0c9be
assets/minecraft/textures/entity/villager/profession/leatherworker.png,64,64,8981deec50690ba8173528ffab7eb5ddb35e6b2fcd90f5b83dde7836e1eab7df
assets/minecraft/textures/entity/villager/profession/librarian.png,64,64,ba3769a154668c5d3a4fd50553234025c75efbdb6fe26de54f44d17c92117ee7
assets/minecraft/textures/entity/villager/profession/mason.png,64,64,24a77580b3aace52eb590f0c1143555c13ed357b7f1db8ea73b788ea4ebf178b
assets/minecraft/textures/entity/villager/profession/nitwit.png,64,64,5eabe78eceb1bfbe966d674be69eb92d06168ad2b330b4162dbfe4a7ce48af25
assets/minecraft/textures/entity/villager/profession/shepherd.png,64,64,2ed578e13f528f80ace58f77f937ef5789e1586f568c080bd71409248c0dc37f
assets/minecraft/textures/entity/villager/profession/toolsmith.png,64,64,f318da8ca6d1b779dcfad94d9fd2d424a5a4e3be18e88003910926b3f93b3052
assets/minecraft/textures/entity/villager/profession/weaponsmith.png,64,64,253f6a590619e7aaa78987c56ea6dead323ce7336bc56faed2f3ce771516b335
assets/minecraft/textures/entity/villager/profession_level/diamond.png,64,64,2c66295f61e4c62dfbf0f38fc50f1acf4883fdf6772b4105521d7f1268f91572
assets/minecraft/textures/entity/villager/profession_level/emerald.png,64,64,1c5e2becc8ecacbc45df2f251a04b9ab9427bde508e2eb6bd3a75d964bdd030a
assets/minecraft/textures/entity/villager/profession_level/gold.png,64,64,b48cce62e6f045db3882115c3229b254aaf3687a0d48eb02bcfb39589311315f
assets/minecraft/textures/entity/villager/profession_level/iron.png,64,64,922b6435dffe6845140f7b9ce5209ce8d7f16679197f0e0a7183eda9c34b86c4
assets/minecraft/textures/entity/villager/profession_level/stone.png,64,64,3d74f25a112baa39a423b86aed0bf43fdd0451082fa9b8c20b94597d649c5076
assets/minecraft/textures/entity/villager/type/desert.png,64,64,de5d027a22bdef49a67d111b0be54d96c26b1a5631b47125f3b7679572766592
assets/minecraft/textures/entity/villager/type/jungle.png,64,64,6659d295a4d9193d0c46753307a57ff678c69a1292a8c631705d2e6a3e7abc25
assets/minecraft/textures/entity/villager/type/plains.png,64,64,de9bc3132ee49d3f7dbcb09656f03c836f6c49fdce57fc34194d6ff22a5ea345
assets/minecraft/textures/entity/villager/type/savanna.png,64,64,fd92ac28d4d5ece0efc19ccd7638e58b037920aed93e9c4d9fc7de8ff4c0cfa0
assets/minecraft/textures/entity/villager/type/snow.png,64,64,d1a66ddecf5f9baa519532d70e202c49f3aab61a92b9a9ef676637f6c4f8ab4f
assets/minecraft/textures/entity/villager/type/swamp.png,64,64,f0e16acda7e07fa86be43efb343df0e9d1c3734838884ae6c3c94c453e7bd77a
assets/minecraft/textures/entity/villager/type/taiga.png,64,64,85160fd0d05b74a87c762905059744bc42dd451f52a160ad1dcff232f5a15656
assets/minecraft/textures/entity/villager/villager.png,64,64,ba7e10820896272baa4c20f1e75ea2acaca57915e0b5aa2c02532ec77ce94a29
assets/minecraft/textures/entity/wandering_trader.png,64,64,4648c83baa26472832244d319b2a396f63922753ab7848c0c6644de8afcd230e
assets/minecraft/textures/entity/warden/warden.png,128,128,6d88f7c1eedcf37cf4d700b8e85a1143c142b3df1cdcbcfcfd6e8ead852400a5
assets/minecraft/textures/entity/warden/warden_bioluminescent_layer.png,128,128,2fc833ff26a141814bce75e0e1bb2f8a4f09307070cbe139dd4f2ac9a61d71be
assets/minecraft/textures/entity/warden/warden_heart.png,128,128,a3d6599921ad727b70958911dd6c966b77cd7948be84175f5a362076e527b5b3
assets/minecraft/textures/entity/warden/warden_pulsating_spots_1.png,128,128,e5799a6cde0a0aae4e0b8577d229f19f1737c30ff11e8b436171cc10f358795b
assets/minecraft/textures/entity/warden/warden_pulsating_spots_2.png,128,128,89d1e97db69cd2a636375ca46f82bef86d2649e4ea61fc9276882c3f8a75f681
assets/minecraft/textures/entity/witch.png,64,128,cef6cfa844fd1356ac5231899385ac55bcba50bc9f382d32022ac8cae90e3a8f
assets/minecraft/textures/entity/wither/wither.png,64,64,cb4d8aeabd1f0a258aa2fc9cab01e6a124cbc75cd9676d25d13ea98a00875a05
assets/minecraft/textures/entity/wither/wither_armor.png,64,64,5eed746766e4b18fea7a774a3afbfd9ed7865fe0e5e9590b7fbadc5c827cfd73
assets/minecraft/textures/entity/wither/wither_invulnerable.png,64,64,b61799cc41320190f37bbcde3c03ceeaebc0cd983ffda03a71cb240fc63732f2
assets/minecraft/textures/entity/wolf/wolf.png,64,32,57ff1ffbc07f5c202d8e0668cd255154b01c862976e8292bb1fdd04afa8e8faa
assets/minecraft/textures/entity/wolf/wolf_angry.png,64,32,9b0e2b1c6d41a1a2b36a18a59cba4cb66e8bc245305a6a017edfdc550e9062cb
assets/minecraft/textures/entity/wolf/wolf_collar.png,64,32,051de7c803c55dcd2fd866d424167b265f3b50090592e71b0e4bafe5a38dd1b3
assets/minecraft/textures/entity/wolf/wolf_tame.png,64,32,8fcbd2ca7494336161b91ccf9093e0e8b88da4fd222491bac2d9eb5455277058
assets/minecraft/textures/entity/zombie/drowned.png,64,64,3b9ce847d9fca98faf43f78086ec209ec60b12151b8e97674d18f1fa87cf3b52
assets/minecraft/textures/entity/zombie/drowned_outer_layer.png,64,64,3cc67dc46eb86ba629b48e02252387cd2e1afc1065dc1db611e9640e15787085
assets/minecraft/textures/entity/zombie/husk.png,64,64,61a742f2029f1e80bc745317f6dc017afc0489d85e4f51d4a96da2dbf871272b
assets/minecraft/textures/entity/zombie/zombie.png,64,64,08a223eca3451abcb170c12661b4a70acfe967c437dc0b5fd99413d8b74b53b3
assets/minecraft/textures/entity/zombie_villager/profession/armorer.png,64,64,73e538b47d3db5676cb153aa626aa948e8c7ca1d9af07d14d3a027c0f356e0d8
assets/minecraft/textures/entity/zombie_villager/profession/butcher.png,64,64,2f5ea8dd5eba2e81a7c9c663923c44ddfa64b9b3d6928f32f7caaa22051796c1
assets/minecraft/textures/entity/zombie_villager/profession/cartographer.png,64,64,129c39ca12ffaee055b71953ad1c86f557274532822936959c75b56a107689fd
assets/minecraft/textures/entity/zombie_villager/profession/cleric.png,64,64,00ec7d87d811b1425303f512abe2741755286f2c11735c1890b6e55149aee9df
assets/minecraft/textures/entity/zombie_villager/profession/farmer.png,64,64,e0914df3f0ab7f1710c76cefae6c7e658210abed28d12ef3198b8db18285d8b7
assets/minecraft/textures/entity/zombie_villager/profession/fisherman.png,64,64,d3667f47e34ba4a418b65870ccd53bb627870867c097eb6e9cb12cd282f5b3e7
assets/minecraft/textures/entity/zombie_villager/profession/fletcher.png,64,64,542d871484d01be20ed6a1cedb4040ac7b99b57f7bbe9a9001d3f6f8a4b0c9be
assets/minecraft/textures/entity/zombie_villager/profession/leatherworker.png,64,64,8981deec50690ba8173528ffab7eb5ddb35e6b2fcd90f5b83dde7836e1eab7df
assets/minecraft/textures/entity/zombie_villager/profession/librarian.png,64,64,ba3769a154668c5d3a4fd50553234025c75efbdb6fe26de54f44d17c92117ee7
assets/minecraft/textures/entity/zombie_villager/profession/mason.png,64,64,24a77580b3aace52eb590f0c1143555c13ed357b7f1db8ea73b788ea4ebf178b
assets/minecraft/textures/entity/zombie_villager/profession/nitwit.png,64,64,411600f65739017c4704d9718374ca32f53286cf7f792dac296baa2978547339
assets/minecraft/textures/entity/zombie_villager/profession/shepherd.png,64,64,2ed578e13f528f80ace58f77f937ef5789e1586f568c080bd71409248c0dc37f
assets/minecraft/textures/entity/zombie_villager/profession/toolsmith.png,64,64,f318da8ca6d1b779dcfad94d9fd2d424a5a4e3be18e88003910926b3f93b3052
assets/minecraft/textures/entity/zombie_villager/profession/weaponsmith.png,64,64,d725f8ac330b5eebe2dfb2b7c049c931e73b0c5b4e06d66685cd03b5c82bbdec
assets/minecraft/textures/entity/zombie_villager/profession_level/diamond.png,64,64,2c66295f61e4c62dfbf0f38fc50f1acf4883fdf6772b4105521d7f1268f91572
assets/minecraft/textures/entity/zombie_villager/profession_level/emerald.png,64,64,1c5e2becc8ecacbc45df2f251a04b9ab9427bde508e2eb6bd3a75d964bdd030a
assets/minecraft/textures/entity/zombie_villager/profession_level/gold.png,64,64,b48cce62e6f045db3882115c3229b254aaf3687a0d48eb02bcfb39589311315f
assets/minecraft/textures/entity/zombie_villager/profession_level/iron.png,64,64,922b6435dffe6845140f7b9ce5209ce8d7f16679197f0e0a7183eda9c34b86c4
assets/minecraft/textures/entity/zombie_villager/profession_level/stone.png,64,64,3d74f25a112baa39a423b86aed0bf43fdd0451082fa9b8c20b94597d649c5076
assets/minecraft/textures/entity/zombie_villager/type/desert.png,64,64,5af685c32392e7001d7c36f0acb2f4c537d5ef3b8553fbff5b5ee01e73d391ff
assets/minecraft/textures/entity/zombie_villager/type/jungle.png,64,64,921347a89d78a2de54a56a12b5b79dc063bf1f2675b16f330ee7c431b19b18df
assets/minecraft/textures/entity/zombie_villager/type/plains.png,64,64,ba80a34852d310856cc63caab7557a6550191c0fffc7443647fed63370cbb9d2
assets/minecraft/textures/entity/zombie_villager/type/savanna.png,64,64,77f613d91db0d0e6cb6f529543faa9a720f314e0f96bcc701ee21c8f0b162c18
assets/minecraft/textures/entity/zombie_villager/type/snow.png,64,64,edac94af6000f19dad5ac3455878e837a658ad2859aac896efc9bf8d2a80c4ad
assets/minecraft/textures/entity/zombie_villager/type/swamp.png,64,64,06b13a06807d5c080889a4f242beb24c0cd429e6c95d8963fbe18a823ed23426
assets/minecraft/textures/entity/zombie_villager/type/taiga.png,64,64,06ee68cc588498f0f5370467a54075b481e88ae7fb4493755e902d861d1adbc4
assets/minecraft/textures/entity/zombie_villager/zombie_villager.png,64,64,66193e9eb87f46060fbfff71911b1a1954434fb9d76dcb91f53e231337aeddaf
assets/minecraft/textures/environment/clouds.png,256,256,85e9fb5b4d09133981b567fce8980dba1f74e568b80cd861e4eff1c42bfe304d
assets/minecraft/textures/environment/end_sky.png,128,128,01dabd36a8704658b264d5ce2d4edf6c359e2999070efb97afd46a5cdb390222
assets/minecraft/textures/environment/moon_phases.png,128,64,8973233861e8ebe9351fcea08ebd9a68bd2a23086a3d44d73c574804b0bbaaf9
assets/minecraft/textures/environment/rain.png,64,256,d45116fd626c00d6e45fe35cc747900385ef1b051627751049566977772f3f84
assets/minecraft/textures/environment/snow.png,64,256,d4c9ed5d4579947033b3dd8b0827b116e04907963da0762fceeec361d7d61fd1
assets/minecraft/textures/environment/sun.png,32,32,d66e4fcc8b3c67fdc135ec7d421eee64e61bc55d18930c23c09fa962e617d05c
assets/minecraft/textures/font/accented.png,144,900,dd02b934978f7bf8b1618bdb63b3edbe7a63ce714826473a8673e83f337b5072
assets/minecraft/textures/font/ascii.png,128,128,2006121b1ecdbb304811db1e15ee4a65c7f61c938737dbea2c3038ab7f205b77
assets/minecraft/textures/font/ascii_sga.png,128,128,a63dc4a734273e4be086f9207afdebdaabb3c0927703874b3685559f07289083
assets/minecraft/textures/font/asciillager.png,128,40,dfc76217eee88e8589c95710c0aa8fedb40df4f74f0b6777571516da399642c6
assets/minecraft/textures/font/nonlatin_european.png,128,536,2e7ca5e58177257628226383a969e170691098896ce597e53cfa5df13698cc56
assets/minecraft/textures/gui/accessibility.png,32,64,c10f839fdbf7d0baad018a77b7ffd2e1f9830922cd44955fe8435b3029e89aa7
assets/minecraft/textures/gui/advancements/backgrounds/adventure.png,16,16,9b95bd77c36e7f3b1463b768eb83667d236885f19178015469955939b7cf971d
assets/minecraft/textures/gui/advancements/backgrounds/end.png,16,16,fd22923c76db371031fc5d1163f3be1f477487adb13f575bec7055da7df2713c
assets/minecraft/textures/gui/advancements/backgrounds/husbandry.png,16,16,ed094bddfac0f6def533096acfcf836fd667b6f14c90b571bc676a3bf58b54d8
assets/minecraft/textures/gui/advancements/backgrounds/nether.png,16,16,049ad49afec08357297f4248609d83e9bdfa973ec34a8c1fc25b7d8ed54698a8
assets/minecraft/textures/gui/advancements/backgrounds/stone.png,16,16,0096954ee757a2184f96e5e300953a6c41855ee49e8e5ad90aeeb0444953fd9d
assets/minecraft/textures/gui/advancements/tabs.png,256,256,1d4ec8e1bd26e6b27b032c48b79bc0e6fe89fb6d5e09dba2e5601220d1a20807
assets/minecraft/textures/gui/advancements/widgets.png,256,256,736aab9c4eea2db6879a5c863b89f41b38e6f4d3ae7626c65070338bd806cd19
assets/minecraft/textures/gui/advancements/window.png,256,256,598c8dd2d4527dbe1c6e23b114172c9ff9a46557725c53b573a15646552d7f1f
assets/minecraft/textures/gui/bars.png,256,256,c15bfc77235fe522043d6e7581425f8e5ca486aef7f46012740980e01f42aa6d
assets/minecraft/textures/gui/book.png,256,256,eeb514bf914da98bf120f177cde776129d8fe17d4d5bc934c8abb0a3b584ad60
assets/minecraft/textures/gui/chat_tags.png,32,32,ac8624c2faac147b29ff82819189bb22a0f166b40af16d728b2de491467898d9
assets/minecraft/textures/gui/checkbox.png,64,64,99fefa4fba7d408b46f7b8f239726cb1add828c21f8c6c12c38dc7590a48d7fb
assets/minecraft/textures/gui/checkmark.png,9,8,072ab9f2f7909be0dd36487dae89f94084d767f040bc9f6f24261b7a302b4e62
assets/minecraft/textures/gui/container/anvil.png,256,256,5582fc1c55927663b45a2e28bd0b2ddaa733e7fe546a85e64f6410c92d91e9a1
assets/minecraft/textures/gui/container/beacon.png,256,256,8040b93f21dce35bfa9a60060cd108c35425113a6b783b7cb829138ab0f863b9
assets/minecraft/textures/gui/container/blast_furnace.png,256,256,a8f780d91a075b886b80507b1c511ee78e50ee638b3dee98ace9ed837294ff0b
assets/minecraft/textures/gui/container/brewing_stand.png,256,256,3a7c6b00cdc7abf9f6e1722595694f4014b4947437cda75897de6d1bb7a46086
assets/minecraft/textures/gui/container/bundle.png,128,128,3abfdef3b3ab9c1600078a788b75481153900fb6252ded4ba9285729960fe9cd
assets/minecraft/textures/gui/container/cartography_table.png,256,256,7efdcc3e711a4fb335082209b92b51405237af5f734f443e6834a2e403a6f57d
assets/minecraft/textures/gui/container/crafting_table.png,256,256,1202a7044f06b221cdc3e2e059a8e83417f6afa6640038548022dc3b0d165394
assets/minecraft/textures/gui/container/creative_inventory/tab_inventory.png,256,256,8b49c72ace803bc876b879dc7b758c05ebf123763db7ce982e672766cf5cad8d
assets/minecraft/textures/gui/container/creative_inventory/tab_item_search.png,256,256,92789c4d09c832b266f002a6bd2b351468d64b2dcd56cfef13846adb1921692e
assets/minecraft/textures/gui/container/creative_inventory/tab_items.png,256,256,3c643b9a864995d4eba39657dac1c56ea60ce18d4c4848242dd7b1f96c9041c1
assets/minecraft/textures/gui/container/creative_inventory/tabs.png,256,256,ae98ecf4308ace9485c14afad17ac4a894e2af40d97266e3438e0c5fd48b4f86
assets/minecraft/textures/gui/container/dispenser.png,256,256,5bbc202cc7838989c7041c6f3d19f74ff2064aae852dc917553ab503b786dd7e
assets/minecraft/textures/gui/container/enchanting_table.png,256,256,6f6cbb1d964c6b9e6f698e119db4305c6bea2c6795697d954d0f55ccfa706c4f
assets/minecraft/textures/gui/container/furnace.png,256,256,a8f780d91a075b886b80507b1c511ee78e50ee638b3dee98ace9ed837294ff0b
assets/minecraft/textures/gui/container/gamemode_switcher.png,128,128,1846a504e3305f1d7fb6d171c252b06329d168436c6737d3d1fa13a061ce8097
assets/minecraft/textures/gui/container/generic_54.png,256,256,db580cc69f80de076704f2217270fc0690f71aa0cf0f3c626c2f0cc7ca8c0bd2
assets/minecraft/textures/gui/container/grindstone.png,256,256,257af5e5e8b8f24c30e4d972d3fc1e7a47c0446efe554b450c92cd7fe0520658
assets/minecraft/textures/gui/container/hopper.png,256,256,b52dbcae557adfe84bd038b182eadd98e807a8c73ee6ad11acf26af331b877a3
assets/minecraft/textures/gui/container/horse.png,256,256,9e909eae3c77b1bfdcafc15fba37864246825be39fc42f5e8ba53c13ef4deafe
assets/minecraft/textures/gui/container/inventory.png,256,256,1952f9978a96e15197ad58d998a40840a86f41b1c8cd4323e04fd8eeff9f7337
assets/minecraft/textures/gui/container/legacy_smithing.png,256,256,6d02f0c34ae6dacec4a509d01de5794363547965273ce5992454fb70e28d9c55
assets/minecraft/textures/gui/container/loom.png,256,256,a43362feeecde669defe3ab92d4c50eae39782faf74b87a5506443af7b47d4f4
assets/minecraft/textures/gui/container/shulker_box.png,256,256,81b6ef5957c712badb26251bc1405a78d2fc8971314914a3c607163744be7165
assets/minecraft/textures/gui/container/smithing.png,256,256,abe9f46c0bbee1c75f735f9348108a7f46babb66b4a459e2cc73d617519c0d94
assets/minecraft/textures/gui/container/smoker.png,256,256,a8f780d91a075b886b80507b1c511ee78e50ee638b3dee98ace9ed837294ff0b
assets/minecraft/textures/gui/container/stats_icons.png,128,128,8e7f272df0fcb0d8af16f2aeb90188fd893a21bf822ceafb8d2b882cd6bb5a65
assets/minecraft/textures/gui/container/stonecutter.png,256,256,540c2cec4bd431ad7f2547dfdc289db276081a91b67f248489d8f3a7359ee069
assets/minecraft/textures/gui/container/villager2.png,512,256,9b919d3d58576f015f26bfe4e40da384b390812d0a8c23b252c271244a189e47
assets/minecraft/textures/gui/demo_background.png,256,256,7c778caf154ea43244d6f8fd845655b633f912e73dbf7a4ad54520703e44bf0f
assets/minecraft/textures/gui/footer_separator.png,32,2,e40dc99518a5310944d03d76a52370004a51df0e224c7894b378c8a752e9fd8d
assets/minecraft/textures/gui/hanging_signs/acacia.png,16,16,19a193b6bd1011af8b5e71efb406a7608fb4c9861add8218ca7a084fbb3bdde6
assets/minecraft/textures/gui/hanging_signs/bamboo.png,16,16,5171a985048742e7f277ae38bc08b54af207bdf9eb0805c33824cf63aa0bc3b2
assets/minecraft/textures/gui/hanging_signs/birch.png,16,16,2f97475f701548a6ad9fc0072e4a17f5430a4913500ffb1d621badf18b022f8a
assets/minecraft/textures/gui/hanging_signs/cherry.png,16,16,ef40054457396996c2ae5502e6dc9d66d25c3997b9c47a2bfd1db79adefff7ca
assets/minecraft/textures/gui/hanging_signs/crimson.png,16,16,08d4a975dfe281b982bd853ea0b7660ab6bdeb73d80f271a1ad0d2c3847d9025
assets/minecraft/textures/gui/hanging_signs/dark_oak.png,16,16,eaf4ce92aa2bf7fc552c1fc5483dadc05f173631ce83e0def1843c137eb3c969
assets/minecraft/textures/gui/hanging_signs/jungle.png,16,16,ead2259a40b4f4bc743e72ba64c77bafc1b8fd090902c137eec78228216cfd0c
assets/minecraft/textures/gui/hanging_signs/mangrove.png,16,16,c4a184153eaeddc33a74daeffaf6fcdbe8952eb6a33eddeeebd9cdb0bf9e1447
assets/minecraft/textures/gui/hanging_signs/oak.png,16,16,8e05f0e14c69ab3ef871d9ef89b8a566b1a665d5d4d3b146ae6f2a2eebb70a5e
assets/minecraft/textures/gui/hanging_signs/spruce.png,16,16,f4055dd7d5fffa7fc29b75532cf882653c791b8e1a704f206688e534f9b69306
assets/minecraft/textures/gui/hanging_signs/warped.png,16,16,93bac781ebb25e54a270d7563517b4d3fefa31f8c74feece70af1f94b9d8e1b5
assets/minecraft/textures/gui/header_separator.png,32,2,fb959012924b839aff5f44d1c50211f62469093a082b873ee8919fecde3b7960
assets/minecraft/textures/gui/icons.png,256,256,8d720587f99e2c3d495706ea72249e9b2cc1d1cc9bcd75d4367613e71b898d28
assets/minecraft/textures/gui/info_icon.png,20,20,b0be0bfc275284b4942a4d974c2aba68242022c8162d2b3a183cc0f98bfe12e1
assets/minecraft/textures/gui/light_dirt_background.png,16,16,638d17b98e74d44cbd637200b728520d32cbc8afc7ac06670607a1d307dd41d6
assets/minecraft/textures/gui/options_background.png,16,16,fb0450253248276e0b8d653d5a4d21c59763cbf775c0e048469ff500afaaef68
assets/minecraft/textures/gui/presets/isles.png,256,256,abeb40cd2094a08521c338f5b3224b30d914bb487ad1bf208de24ba1389dbdf2
assets/minecraft/textures/gui/recipe_book.png,256,256,85f92601df88137317ef755bed8dd60e76febb33b9b7cb166b0692f033bdbed6
assets/minecraft/textures/gui/recipe_button.png,256,256,637bcc3bfd14e7e82cc070fe4426e9e65c52346262ad96e6ab0b36e5dfe8ba2f
assets/minecraft/textures/gui/report_button.png,64,64,ab993c047184973f95dd141888e525c6f58207593e317a73b2e54e7f99abb964
assets/minecraft/textures/gui/resource_packs.png,256,256,86fffa58f882ff95bf5d17dd99e8a1e8490e31c1249c428ddc4c78985593de93
assets/minecraft/textures/gui/server_selection.png,256,256,3640c2c6f8d6a43438c66c83fef5f32c1afc5b9279484c655658e030dd68a6a2
assets/minecraft/textures/gui/slider.png,256,256,33cc5a3b189186aa9df766a2c57a7fd6f05ccc362cfb34213213958f2f759624
assets/minecraft/textures/gui/social_interactions.png,256,256,92ed0735648d0288ea044fd90959c813b8f6592218f0967b23ada758e980fcf4
assets/minecraft/textures/gui/spectator_widgets.png,256,256,63a5ff1f77da0603d31a0fb4684e80c0e9e41a943244c6a2c1001eb9962de32e
assets/minecraft/textures/gui/stream_indicator.png,16,64,5d8241e427b8f20651322d180f6c1e212c3a04eea2a9dc56ab911c200475a24c
assets/minecraft/textures/gui/tab_button.png,256,256,297cf5ceaacf8a572b78289e6cbf5af29702b50e7ef7394c7b0e5319ad33a2e1
assets/minecraft/textures/gui/title/background/panorama_0.png,1,1,fa5b2f4669849f296d00615b8197c7adf2b97c0eb716664070792d7f28f59816
assets/minecraft/textures/gui/title/background/panorama_1.png,1,1,fa5b2f4669849f296d00615b8197c7adf2b97c0eb716664070792d7f28f59816
assets/minecraft/textures/gui/title/background/panorama_2.png,1,1,fa5b2f4669849f296d00615b8197c7adf2b97c0eb716664070792d7f28f59816
assets/minecraft/textures/gui/title/background/panorama_3.png,1,1,fa5b2f4669849f296d00615b8197c7adf2b97c0eb716664070792d7f28f59816
assets/minecraft/textures/gui/title/background/panorama_4.png,1,1,fa5b2f4669849f296d00615b8197c7adf2b97c0eb716664070792d7f28f59816
assets/minecraft/textures/gui/title/background/panorama_5.png,1,1,fa5b2f4669849f296d00615b8197c7adf2b97c0eb716664070792d7f28f59816
assets/minecraft/textures/gui/title/background/panorama_overlay.png,1,1,4cabea349b45c137de6ab4472303fb20fb94b07a119c8926aa54575ffbab91e6
assets/minecraft/textures/gui/title/edition.png,512,64,8332d464b682d5c126f02be32b2e0e85c007c74601618cf62119b8d94508452f
assets/minecraft/textures/gui/title/minceraft.png,1024,256,ec0d15fd103c48acb773d8897ed10b2e83763c15e04fe892f4ab7791c10967b1
assets/minecraft/textures/gui/title/minecraft.png,1024,256,4b6f149bcc32bbe2b3e4b7b73f1ce7e7c9e7b297b5b9040eb5115aeef02e4926
assets/minecraft/textures/gui/title/mojangstudios.png,512,512,27b2ea2946ca5b00841ce7d1813b42dfb7e36b12ad50c7c9bea09053ac226cf3
assets/minecraft/textures/gui/toasts.png,256,256,21ec1e5ceef56954fd360bf9b925973fc291f097597e1351db7989a6f15a213e
assets/minecraft/textures/gui/unseen_notification.png,10,10,8985e983f4f3c216c70117bf9aecf5cf5a388ff19732899d6c4da0cef11821db
assets/minecraft/textures/gui/widgets.png,256,256,26a3d4b8a23b75fdb7a0c5e8b7835ce8bdf98873a81695dde9f7010845edfe8b
assets/minecraft/textures/gui/world_selection.png,256,256,cb29da498a9640aa5be19b3e5bc12aad536581cc967531c2257f81d1ba6a6de5
assets/minecraft/textures/item/acacia_boat.png,16,16,d19ff5bff710ac9e65acaae0dde27857796bede55f9319a9254ff861d563a90a
assets/minecraft/textures/item/acacia_chest_boat.png,16,16,69d35e5d9848da2a1a633a2140361b2f65d1728a2d6c7ddb260d321482702dbf
assets/minecraft/textures/item/acacia_door.png,16,16,3485712a108b504685662d1e6c7208a865f3cd8497b9c2d66939d62de78fb76c
assets/minecraft/textures/item/acacia_hanging_sign.png,16,16,e63b4fcb6d4da4a9cccb8e9a6c521c77845f47a408958d50cba0d9d61ac30867
assets/minecraft/textures/item/acacia_sign.png,16,16,050ca471341f9e87efd8da5fb621a494d6c23b1d2331353625fe48ac17b9d7e9
assets/minecraft/textures/item/amethyst_shard.png,16,16,452feb403a636242661a39316a9b9f1dd4fa83563cc8b5f492f2d327b1015052
assets/minecraft/textures/item/angler_pottery_sherd.png,16,16,53e516be2de0d9d7dd278a7a3c6f1a3c0d04e979848aeb14322492a38cc78577
assets/minecraft/textures/item/apple.png,16,16,386c9d1062f6c27e6056ef2e8b10e8d6a192637b3aa99f575892d0f1209fe690
assets/minecraft/textures/item/archer_pottery_sherd.png,16,16,7c865ce9f6adf3213caff249106da3412f740826fd12e3b415d99c48fa64b577
assets/minecraft/textures/item/armor_stand.png,16,16,aa4a7e32811f88ea1abba2ed5c978a06719cc58304c2e50f102ad336dd84cec2
assets/minecraft/textures/item/arms_up_pottery_sherd.png,16,16,af2e330a97043a623fb645f7c875082e1a061a1dfcd625864d568e5ef66f401c
assets/minecraft/textures/item/arrow.png,16,16,9dfc345c4ae71a7bab003d3d15f420376910162a000a99832e9ca63a51bc85dd
assets/minecraft/textures/item/axolotl_bucket.png,16,16,520df80a2ed8160d828d8efab3411fefc6f1fdf60c10e4919aade04f32e1bca0
assets/minecraft/textures/item/baked_potato.png,16,16,e1ed3636fe1a8f64425a1bdd7f151732727ad5fc77de148643047f72356a16ec
assets/minecraft/textures/item/bamboo.png,16,16,7fa0a1c2d790208ac2f29e3ea20bb6a6ea67ef2b6a45d077a686909b4205300b
assets/minecraft/textures/item/bamboo_chest_raft.png,16,16,b18948992720c1dc19fc48996bc2b86dc5e3456e78c191076dd7cae4668ec5d7
assets/minecraft/textures/item/bamboo_door.png,16,16,f3ca47fd37c778007eb00c37fb6207efdb8c457d5cfff29809e2c710b87a9f0b
assets/minecraft/textures/item/bamboo_hanging_sign.png,16,16,5daec0c0993e1b402263873d57cc19dd3c87483e7892646ee88be9edd801035a
assets/minecraft/textures/item/bamboo_raft.png,16,16,32d00cb6ac8c227aa51c01acfa933de7e783c8edf35b0e742a9ce21cb2b2275e
assets/minecraft/textures/item/bamboo_sign.png,16,16,d3ec93b208cf9c8c044f50bb67eeebe0f047f70fe650dc8d93d6e8e70f66cdd3
assets/minecraft/textures/item/barrier.png,16,16,e6f1c3f50634b55c0c91ad5d685c0aaf47a1b0811c7f8feb13ec656caebc1929
assets/minecraft/textures/item/beef.png,16,16,d3cfa567cf2253ec805c9fb1fb96b7b2de9fc9029ce1672e381a631c76f5e355
assets/minecraft/textures/item/beetroot.png,16,16,51e6ca1d5d360a1dd8fecb15cc757ee87a3e159ae23248c3785b3d0cb22063e2
assets/minecraft/textures/item/beetroot_seeds.png,16,16,91d806928b61a5de661fc8dcb5c4e165fcda65f2fae9b96c9d696eb7bae4e62b
assets/minecraft/textures/item/beetroot_soup.png,16,16,2e15843432d7f0db97d3e8c3ab4ae3bae83d8f7ece8417aa67580b36062e26ca
assets/minecraft/textures/item/bell.png,16,16,fb09c0937e7342ee858cece1ed9b7e33471e71f879fd596db2dd85c81462e339
assets/minecraft/textures/item/birch_boat.png,16,16,edb61ef4c414304e4fe623d5649fcc67e98d9fe52948436fa73118beb0fd64d9
assets/minecraft/textures/item/birch_chest_boat.png,16,16,db6cf31056964740202ea34195d86af47fe643a4c1d2419e9e619a1275d482ca
assets/minecraft/textures/item/birch_door.png,16,16,f1be2e661762e97af2db041af84921cac752a23b6ee41de631538490b2ee0536
assets/minecraft/textures/item/birch_hanging_sign.png,16,16,87d14409e06d012e6f0e1815a3a5831eab537a2d364f1e441c895ab780eef864
assets/minecraft/textures/item/birch_sign.png,16,16,05912dd398f62f405f9f2e80e7b8bfe9d8cf053ab6d87645cd1df82948938e2d
assets/minecraft/textures/item/black_candle.png,16,16,3fd9d6afac66788e6fe9fb86d2510ebbae30ac172b98b9027ee8a86073f6d12d
assets/minecraft/textures/item/black_dye.png,16,16,8e393b186cccb6c2925ff5d9ca390dcad66d40c7a63807840c4600b7838d3268
assets/minecraft/textures/item/blade_pottery_sherd.png,16,16,e754c99d24d7c397e5d34860446ba4cbf51a958de91ca308e04b4ed816df69c3
assets/minecraft/textures/item/blaze_powder.png,16,16,be1d8c93bbff955c94c194bb944b200d884d30fcc7e221fff739881d6ed5eca2
assets/minecraft/textures/item/blaze_rod.png,16,16,d402755c56b25d84ce73ba1f064252844b2ee9b2f6e3d17566450687a26d9c81
assets/minecraft/textures/item/blue_candle.png,16,16,5c6076558d5c7f909cfe3626ef8811b4e94ed86a1ff104b8503c80a9fab6b1ac
assets/minecraft/textures/item/blue_dye.png,16,16,d6846828f3dbceac26bcfcf7a7b0882603ab25f568940ddf6252aec7ceca2d61
assets/minecraft/textures/item/bone.png,16,16,5a975e7bb108733cfd3d8ba0173bf5a58f51f5898cd429a7dab519524259fbca
assets/minecraft/textures/item/bone_meal.png,16,16,7893f796f9f15e964ae274d28a4dbd303769773c3f80b564b1b2f260c29b4310
assets/minecraft/textures/item/book.png,16,16,2941d48d49917a7ca0ebcf43fd7763310dafea5989b319fb9db584147bedcec3
assets/minecraft/textures/item/bow.png,16,16,6f62b5a5eac576af20f1ddd79e69df37b19a036691aa26b7523753f995e3dd8d
assets/minecraft/textures/item/bow_pulling_0.png,16,16,84bf48b16dadceeaca93c9645acc5be1a40db8623b0ede1375644e1bd4993c36
assets/minecraft/textures/item/bow_pulling_1.png,16,16,f7e5e9ef23b6c9b39e4675fc4326df92b66d45bb0a64dc4852c1fd031ff2b0b4
assets/minecraft/textures/item/bow_pulling_2.png,16,16,778090baec36ae4eb2071b0eab425c18f0ded8316b23100842b7c818119d93ea
assets/minecraft/textures/item/bowl.png,16,16,4510b6adbf2e162d5af6330e7faa3f162b82b89cacfd36ec5b90f3d29e0513e5
assets/minecraft/textures/item/bread.png,16,16,2e266dd0bbc150f45e0e0307606dd519f8f18019202b49b0df315f8ecc1f5db5
assets/minecraft/textures/item/brewer_pottery_sherd.png,16,16,00594a55300a765b1d610c900e566cf798e590598010d55d11971784bf656f24
assets/minecraft/textures/item/brewing_stand.png,16,16,010377bb318a30f8ae2f2e5af8bea65b3cc096535d84fde9631bf472e7a7c7c5
assets/minecraft/textures/item/brick.png,16,16,0c052c23230ff95ec48959b3ee23e88d9b95b04fd4f9b3429da6a585e6e95c81
assets/minecraft/textures/item/broken_elytra.png,16,16,f3abce75476f6694ff32d0bdf39d306f91bf3c00630d018e9e9b99d06e39bb98
assets/minecraft/textures/item/brown_candle.png,16,16,bdda2ba90c8774595554a9cf698f6959c1e91fea3db3e5fd95ff644bc142aae1
assets/minecraft/textures/item/brown_dye.png,16,16,c114194a249dfad718b539641a3dbd66f7a9cce2d3219e1c6e8487f2fbb17e72
assets/minecraft/textures/item/brush.png,16,16,c2ea708ca76299ad9b87983adce4cb77fd6c1303c6a568e7ad215e1eeb3c1fb1
assets/minecraft/textures/item/bucket.png,16,16,3f14980d6d2dea8d547e44104a55a51d62bee71bd45f16068113b279b3d2d042
assets/minecraft/textures/item/bundle.png,16,16,da6577e4003f7a87b0f2a28f654baef81087081e81e7f5d6c2a608f440f5d2da
assets/minecraft/textures/item/bundle_filled.png,16,16,04335ef4635b0d9d40a79344e908c4cfadf526f114f0c4894dc81ca42abb9354
assets/minecraft/textures/item/burn_pottery_sherd.png,16,16,0a38f69ba0097db5691595b9fb2fd8faa906d012215149c83badab6d15f0ff93
assets/minecraft/textures/item/cake.png,16,16,3e7b63ff06f70672bdae31a96599a2cb94131700d2836ee073551c80b940a60d
assets/minecraft/textures/item/campfire.png,16,16,61934a2669aace656658e325a39b297f1eaa88e3c0a8da85c6d97c187dc4e4e5
assets/minecraft/textures/item/candle.png,16,16,ce11af5edddeac0b19e6b21db0c3696e4ad1287182564c831caefa3d5a6c0de3
assets/minecraft/textures/item/carrot.png,16,16,043e4e87057ed8f9cb84265cb19a7cec3b36fd7935d70f6672046c0efa2861d1
assets/minecraft/textures/item/carrot_on_a_stick.png,16,16,a1477ac3abf72fdd78f0940d20cf0700e23aaf987960f3cce2f47ceede043fcd
assets/minecraft/textures/item/cauldron.png,16,16,cd96945764dbd3b4e170f02ad29e43a97acd72c4f41ad90efa70869f2d6a68e8
assets/minecraft/textures/item/chain.png,16,16,a2cfaf24d4442a9f3401b6df9ee3d30e33f39dd455786eaed3963d617f7869d9
assets/minecraft/textures/item/chainmail_boots.png,16,16,061be8e65b0e28df352a8da03d28d587dfa73cfd5f795af4833d4463e3213811
assets/minecraft/textures/item/chainmail_chestplate.png,16,16,fa35055fc557527bd4f63d696fef640f505f28073964afd2fcc5757dcef36ccc
assets/minecraft/textures/item/chainmail_helmet.png,16,16,43ff24a39061e9ac1143254e803877331587479a2398c801a7d4be7329c918a3
assets/minecraft/textures/item/chainmail_leggings.png,16,16,6836097d33aa0d542b4f1f29874bc09297244a5a6dce4221d68c8a4493202150
assets/minecraft/textures/item/charcoal.png,16,16,ae6e9af86fab77bd2911788a53eb136ad6fc717479f810d8d6847f2623245452
assets/minecraft/textures/item/cherry_boat.png,16,16,b0dc6b17ec8df07b6b9a7ac2574ce20df0fab40e0a5169666bdd630c1f116364
assets/minecraft/textures/item/cherry_chest_boat.png,16,16,58542b701c8cba4e470409ead647114c79de8020095cc8720fdc80b10f43a78f
assets/minecraft/textures/item/cherry_door.png,16,16,f495ec716d480d2e10239a1e96d40626dd4804fe79200e25f5714a5c5b876aa0
assets/minecraft/textures/item/cherry_hanging_sign.png,16,16,b0dc77a981a184ea0bbfe6d99498b9a8e65ba3b815f83a0984ee5fc403049b8c
assets/minecraft/textures/item/cherry_sign.png,16,16,e4c0e0ba0b285d4dc8a8768b82553fda702159d48e4b83cbf71d65f0b61f188e
assets/minecraft/textures/item/chest_minecart.png,16,16,1ad7c9d61ad2cf6fa280db2b60817f88f774cf0695a505dbee3802680910ae93
assets/minecraft/textures/item/chicken.png,16,16,d881ffda3bf13c96173a88516bc5e72028080d33e2df99c6370f44389c5eefae
assets/minecraft/textures/item/chorus_fruit.png,16,16,729dbf98162e679fd7b77074a4cce31a0985aa4c1aadd924fbc1711f60a0f7c3
assets/minecraft/textures/item/clay_ball.png,16,16,6db8d84bed1b47e3c842ba53f3ca5c8842d7f5555a2cd798cb2e9121196be15c
assets/minecraft/textures/item/clock_00.png,16,16,ddf1d67e7b38572d52087357f22cccbe8647601c59fa8b810f8b2f2ea329a542
assets/minecraft/textures/item/clock_01.png,16,16,ac0d734a0c1e22c05f01c30f65adcf61bb0adf39ba8c4643a704c9b18e241b53
assets/minecraft/textures/item/clock_02.png,16,16,24ca0081fa9601667191fdc4e0da8396231ce34673e944e1fd55e8a391e5065c
assets/minecraft/textures/item/clock_03.png,16,16,d01e54f85c2aab0f5f17c7c6fe83f33ade678c460acb9aa3f45c3f5a420871b1
assets/minecraft/textures/item/clock_04.png,16,16,62a70cada091bda02fca2b17a8c858f1849e45d3d3e672075dc55ab7b75d44fc
assets/minecraft/textures/item/clock_05.png,16,16,5e97610f8fbcea3f56a731c3e28957a22a3e9db9b612dc1836993b0822b34c15
assets/minecraft/textures/item/clock_06.png,16,16,68860e3282fdad3f2ffcd6fa69ea700f952c953425f6fbd8c4a2d7600a75b7cb
assets/minecraft/textures/item/clock_07.png,16,16,436481133c7f002463bcf6c96f943bc5208b1316309e081db1e2b00e17d12d5f
assets/minecraft/textures/item/clock_08.png,16,16,7413d5c6e17810527f5e1115663de3f23fded6953fe7935f9cab88f21cb423aa
assets/minecraft/textures/item/clock_09.png,16,16,dd14f2cf80a446e30d62b98425f921a3bc9224e2f62a8c448f410ef0bd0785e1
assets/minecraft/textures/item/clock_10.png,16,16,f7c7c58df44a115cae8bedfbd23db05063a8b8b17a09d0501ee6cba4bcb937e1
assets/minecraft/textures/item/clock_11.png,16,16,03132c8263e6e641e26a2d7fcccb5c21411fb61811e592fae05e05e42df86d44
assets/minecraft/textures/item/clock_12.png,16,16,7d64359a31bd483029c5c828e5589d55488d3698b455e67db754fc700305cdb2
assets/minecraft/textures/item/clock_13.png,16,16,16046676e47f5a9b9b54bcd2ac5502d3f37c1e12aab19fc24f0984e4f6035dfc
assets/minecraft/textures/item/clock_14.png,16,16,c02c39e904d406a2bb01490fec9d66558e8dad7c1229b1969b9d48596988fde6
assets/minecraft/textures/item/clock_15.png,16,16,995e63a741ef769bb620a742a5ec235dfba8618480e6e259ebac66994df63f60
assets/minecraft/textures/item/clock_16.png,16,16,2c722f88c5aa753893e5881e657c63f17ecfe3f00f309f0b4b55c4cf20f8ebc1
assets/minecraft/textures/item/clock_17.png,16,16,a35d71139bfb6862bf52395fb05fa7d11381a38687a1510815f920398c00e16d
assets/minecraft/textures/item/clock_18.png,16,16,5dd3d11d7a1ab1d6526f81fc883ea5496d5215c9ae6bf7dd9526fc45322d8c49
assets/minecraft/textures/item/clock_19.png,16,16,c2f8a418a0c985023ea91a1db8f18a49eedd7da326850f08c5f783389028fcfc
assets/minecraft/textures/item/clock_20.png,16,16,76004996859eb8d5db0697b92045346046c31f88f01fa56e9b4c2e80c3b2f36c
assets/minecraft/textures/item/clock_21.png,16,16,41aa972d103fd6f1216d8f27965f051a4a94a621f211cd052d8871d728f7a284
assets/minecraft/textures/item/clock_22.png,16,16,ccd26ae691f3ecb415110b9fdd7514c4b2537cd7b41b1f7c735138b33de213d6
assets/minecraft/textures/item/clock_23.png,16,16,727d4c27b0189798b60b2d68a4b38b1277010e3b620b0370a39736433e2a3d5f
assets/minecraft/textures/item/clock_24.png,16,16,de43e47376bb82a6fd94a6b90904e9e7a799deca0a2a1d2f566ec89a6dc217b6
assets/minecraft/textures/item/clock_25.png,16,16,ba10293a6c1b00c273b3c181aa5158f9ff498cc7fe8a49b62cb5ae33a5a1b57c
assets/minecraft/textures/item/clock_26.png,16,16,0b74e7c7ae712c79a28d7773740b9d30db6ee7eb9392df7a93e134aa21f54ecd
assets/minecraft/textures/item/clock_27.png,16,16,b0cae01b167d6c333ed44ffe23d37082e5079d3ae7d05fdae000c1307f018971
assets/minecraft/textures/item/clock_28.png,16,16,ed435933e0371edff824dcbdf9fc1d078e2ecd3c12a2d5188bc74ab1adee4d0e
assets/minecraft/textures/item/clock_29.png,16,16,4e4baec45833982d463f2b16c8508a502ee5f77b47ff4ab2b9de2dfc2a150981
assets/minecraft/textures/item/clock_30.png,16,16,631eb52d1894d4bf92a54790e7799a9a062d86e869ae57c5891ec0dd9ceb7625
assets/minecraft/textures/item/clock_31.png,16,16,19dbda904d84dcd6c90222ddaa04d4d4fe8ae7bcf6342daad53b99ab458205c4
assets/minecraft/textures/item/clock_32.png,16,16,d1f6895b0a3c8b624d536485ab47651d69bd66b112589c1c6e362920d360e4c6
assets/minecraft/textures/item/clock_33.png,16,16,d22f28560dd9caa2a92da5173040ebcc3109cf5aa3376e1c715b04e4f3cb52b5
assets/minecraft/textures/item/clock_34.png,16,16,c57800635a8e25b45680b2a3c030ab540c108076ec2926321538431495395203
assets/minecraft/textures/item/clock_35.png,16,16,5bd6e0221027d1bae6cab2e61adf6278d359ddb1599ea2b163ba1b2154ac6dba
assets/minecraft/textures/item/clock_36.png,16,16,da44823cec938385e024201fadb695c0b5c560aefc99fd1f73afb8d4e2a4489a
assets/minecraft/textures/item/clock_37.png,16,16,c4435129699a2e6947f898e005454d6bdb5770c7293dd5b6f74247f27bf5b0cc
assets/minecraft/textures/item/clock_38.png,16,16,5cd4e8a7a99c064a772f758c9a7a51ca0a77e04e085be8a93c437f978016b587
assets/minecraft/textures/item/clock_39.png,16,16,44761d4e571a6ad41a8bdbcf3754ecbdcee4d0b8c1b8163c6b04aaa3f0ab9265
assets/minecraft/textures/item/clock_40.png,16,16,20e3bd5647dfbe7b422933d9bf3bc8341fa9c40d8505e1ff99895c2f1dc98b81
assets/minecraft/textures/item/clock_41.png,16,16,a95d5e09d710a89b1b94f30621cfcaa00593000b4daa7057458a0a0de3ec8afb
assets/minecraft/textures/item/clock_42.png,16,16,b87c08f1c6562d83e51cfe8fb34079e1c3e9a80f6a508b6333e43c9a21df516f
assets/minecraft/textures/item/clock_43.png,16,16,e7023143add4bf8d691adc8e6d3e55eb24de5b0444d4919e6ee39e9b8550580b
assets/minecraft/textures/item/clock_44.png,16,16,e97a8aaa6c8c3842a0a569f0ac5baa03eff028260bf71e9d495dcbacf59aa1c5
assets/minecraft/textures/item/clock_45.png,16,16,05db25ccf052063b74e6709e531b56d196ff20913856dd5aa82b7b4dd93a7724
assets/minecraft/textures/item/clock_46.png,16,16,c656b92441ed5fb99457e9436f97c1213ddb951db35a180af038aa983cd54ee1
assets/minecraft/textures/item/clock_47.png,16,16,b90b9f1b718084be90f66c9b56c413cda350ffd1e3deed5dbfaca6420e75f8b8
assets/minecraft/textures/item/clock_48.png,16,16,53a402a517cf3dfdc4def1dbac3f82c39f8ba401662dc22698e35d1778707a42
assets/minecraft/textures/item/clock_49.png,16,16,f2989ba792359404fa6b74984ee030bcbd0af4555b3688d3594cfa9183fc501f
assets/minecraft/textures/item/clock_50.png,16,16,02d2a59cd8c771d7af7478ed7d9afc5bf088ac6bac30cc796aa171487f510289
assets/minecraft/textures/item/clock_51.png,16,16,9561870a45b198692b5019d1e6cb5be43d44b68e61ebf174f578d776f3473904
assets/minecraft/textures/item/clock_52.png,16,16,17bbc6bbbbf6d71f3b6e4f17e747c6b0874422fee40b3072960c20bd778e43ff
assets/minecraft/textures/item/clock_53.png,16,16,a93085482b0cd97e95f65ac358a3d31f05f747e6fa079248d17e3a4847091051
assets/minecraft/textures/item/clock_54.png,16,16,7fb00aa7bc268c3b0af45ae080d40fcbf5fa91ac524875008e042781771cec44
assets/minecraft/textures/item/clock_55.png,16,16,1d99c929fac7b2d2b162a018220fee876b6a46e1a8b8fc7201cf54c2c07f1431
assets/minecraft/textures/item/clock_56.png,16,16,7898fb5979a0040e349ce83f5b384d7e8242df2610640a3c33f499b0f5090aff
assets/minecraft/textures/item/clock_57.png,16,16,d1d8792f4a43028f74a940fbc841256e51575484575dcc6be6f20b8ff8b86911
assets/minecraft/textures/item/clock_58.png,16,16,fc971a73a605350f63d3700f98710f5e78d04d2c361063de208f4d99b523167f
assets/minecraft/textures/item/clock_59.png,16,16,b47b57abb531f5eebed8f47a5c965da2f8096247a3564e309a2d3f6f41f93953
assets/minecraft/textures/item/clock_60.png,16,16,c68547a74e47fe37d6f4197bfdf1453701bf6c2a55d6e1f5bf00567134725340
assets/minecraft/textures/item/clock_61.png,16,16,07e247d687f82a0ebfae21b249b4572f81cce7d01810259cffe2170ec669b15c
assets/minecraft/textures/item/clock_62.png,16,16,9d39dfb41b76c08344f92e7ed38c19ad034b97e33d32aa1ca973ac859ee26876
assets/minecraft/textures/item/clock_63.png,16,16,32afd4d3028bbec8e1dca0ce478fcc9c204e50f45832bf78162f8d82ccd9e0b2
assets/minecraft/textures/item/coal.png,16,16,1fc55287c9b4a151af132727a0178fb7eec857eaf23bba2aecd6ede1e106b108
assets/minecraft/textures/item/coast_armor_trim_smithing_template.png,16,16,421ae41d3ba0505817c2dc4d0f8b5110f52b3f4c60a0bd3cd505fdb540255162
assets/minecraft/textures/item/cocoa_beans.png,16,16,b2398ad6949dc9444f580c099b12d4b008b1719d801cb2dc6e1e0a9a6b93ce39
assets/minecraft/textures/item/cod.png,16,16,5a4cddbf3f573fb1d63b0d9cbc3c5166287a07ad8f4cf84ac44c83ce28cf5911
assets/minecraft/textures/item/cod_bucket.png,16,16,34f284ff08f6855d0851a006934067e2f878399301e14328bdb225eafece44f0
assets/minecraft/textures/item/command_block_minecart.png,16,16,6c92536a346abefc4b80164e88798075ee75a8cd64fe8e17f3ab90cf77bfd931
assets/minecraft/textures/item/comparator.png,16,16,5dffdf0354d58de8c353d32e4fba817664102ce96c563af8ea18f97181798db2
assets/minecraft/textures/item/compass_00.png,16,16,4f39dc942808fb5fe37d3307eb22320523ead9bd38c808b54d516f20e20c9ae2
assets/minecraft/textures/item/compass_01.png,16,16,02e83364e869c14639e3bc2b403ed792ac8fc3442a0016bad8d073b9ad4c82c1
assets/minecraft/textures/item/compass_02.png,16,16,34a981d2e66cf4183f7bcd238be86bc56abfeb6352babcc5fc445fb8b85650b9
assets/minecraft/textures/item/compass_03.png,16,16,2c06d618a816221f275ba28f648884f5e9f5fdffb25d7b50bd4a48014eefd022
assets/minecraft/textures/item/compass_04.png,16,16,23ca1f5f2844b63849da831cd83b8f7c7d9708ecc2eabcced533cfc3424bd280
assets/minecraft/textures/item/compass_05.png,16,16,8efcb36f3ee12fe9183e8e9443b7fb964b1b9289487209cea9101ca42f6f97c1
assets/minecraft/textures/item/compass_06.png,16,16,487d2e3d82d0936c4d3839331c135162deb2605718b6208fd493f948a7a0fbea
assets/minecraft/textures/item/compass_07.png,16,16,e75668ef23c762f0d5d90bba041d04e40cd2bff1ef8efd69998f988fcb7d95c4
assets/minecraft/textures/item/compass_08.png,16,16,f84bfdf5ba52fdc154bf42127751eb782ce7e7b72939267e54b98ec4a03504be
assets/minecraft/textures/item/compass_09.png,16,16,e75668ef23c762f0d5d90bba041d04e40cd2bff1ef8efd69998f988fcb7d95c4
assets/minecraft/textures/item/compass_10.png,16,16,df7dec6112662cc3b695282f6c5599ea9552632e1687a8537230f18d9f815a65
assets/minecraft/textures/item/compass_11.png,16,16,189ead17c5f71f1728c499b847fb329991c15e29a71d2aa3f9a2148079b82a76
assets/minecraft/textures/item/compass_12.png,16,16,bfa0fe1112cfd203a759ee69bf08cf628ebd29b17492104f843f42eaf6df34eb
assets/minecraft/textures/item/compass_13.png,16,16,b9cd8dd5852fde2ec5221d41b353764537150288c7418b72805cd7fc53b89a6e
assets/minecraft/textures/item/compass_14.png,16,16,13004e3e11f7d02705ff691b5e6e266352ad3f0400481d82af364cd225781a23
assets/minecraft/textures/item/compass_15.png,16,16,44bebd9d11da014713546fa4d663dcff25c65f6e44a89684feef135eb6d7212a
assets/minecraft/textures/item/compass_16.png,16,16,0b14eabd82b84a1273057baac58cff50279329e15260b16b711e5a49ffdc56a4
assets/minecraft/textures/item/compass_17.png,16,16,7e87bd9eef4703925e8b4f441bd8a124ffb5e1c275111830d37f9cc128099398
assets/minecraft/textures/item/compass_18.png,16,16,cb58831610e3216635c7a1ef6a1066ecf47719ac59f50adcef3f3e46800d69a1
assets/minecraft/textures/item/compass_19.png,16,16,25d5ffc167fcda14f54df94ab9491b7e6136cc4f103a39418e9be78d8bcd14e9
assets/minecraft/textures/item/compass_20.png,16,16,aacbf11e878771892dadc4aeda81ee88cccd04fd33779b78cc1fa3a16e0df168
assets/minecraft/textures/item/compass_21.png,16,16,f057205d91c2071d0f6d44110c8cafe05c35446f0a53d2c888fa1524c71e3aa4
assets/minecraft/textures/item/compass_22.png,16,16,3dcf22a2c4a878b276859d8b25dec920d705af6d542941c9e3aae3bca7945d7c
assets/minecraft/textures/item/compass_23.png,16,16,b0db834e8214efbcc5dae73fb805a8654968b661fcdcded4bc3b766cbe0f2e09
assets/minecraft/textures/item/compass_24.png,16,16,b0db834e8214efbcc5dae73fb805a8654968b661fcdcded4bc3b766cbe0f2e09
assets/minecraft/textures/item/compass_25.png,16,16,b0db834e8214efbcc5dae73fb805a8654968b661fcdcded4bc3b766cbe0f2e09
assets/minecraft/textures/item/compass_26.png,16,16,0ef6afcda915a31076604840ec8df43128a1b1bb3a9cbc32eb542e5a1c8c4011
assets/minecraft/textures/item/compass_27.png,16,16,1812ccab59745e1e16903211683c0aaba8ad2d3df9d12c2c44c4be8ca67ee9d7
assets/minecraft/textures/item/compass_28.png,16,16,1812ccab59745e1e16903211683c0aaba8ad2d3df9d12c2c44c4be8ca67ee9d7
assets/minecraft/textures/item/compass_29.png,16,16,62d7c0d308ad4f6ff7e9ba0c45aa36f877e01389cd62bd3ecdcb414be00f6895
assets/minecraft/textures/item/compass_30.png,16,16,6ae93a016cf2eccd7925dc7893deb50ef13dce69eaf015cbdab5ec38812bc8dd
assets/minecraft/textures/item/compass_31.png,16,16,db2222487f8461305ca38781124100fe717c1189c934c24d2bf95136f0a3d869
assets/minecraft/textures/item/cooked_beef.png,16,16,92b1f8adea5f3859dd4dedde5af765f26a2509eebe23a974d22b95283f20ad85
assets/minecraft/textures/item/cooked_chicken.png,16,16,be65f5417b8efc08fb7e4b79afbb69546b88dd179a4b2417a94eadf19ef15a6c
assets/minecraft/textures/item/cooked_cod.png,16,16,732e1612c4ca7648df184a757154fbb59bc99b7701e8365a04c184b2b08fa4f6
assets/minecraft/textures/item/cooked_mutton.png,16,16,3491decbd02ff2ca9fc2a1082c08f098dcc71ab398779fcb5f03f6c000dcf77c
assets/minecraft/textures/item/cooked_porkchop.png,16,16,c773388a8efc62fb2a6d0248305c3c2cbdb40eb4c030ffe6fa453ad186d4194e
assets/minecraft/textures/item/cooked_rabbit.png,16,16,e6d8c7243cf6df09c0a60404c2565b72b3cd8c202eba48399d4789f2a5c211d7
assets/minecraft/textures/item/cooked_salmon.png,16,16,dbe6e74aecc817c5c4adb9ad892d27fb783d0286769bd2a0b55790cebb66a1da
assets/minecraft/textures/item/cookie.png,16,16,263825506c0c0a80d945da48ba95ea2f361a83492e88861d06fdf97037dfded9
assets/minecraft/textures/item/copper_ingot.png,16,16,85835decf03f3cfbf67ad628d528fa22b05857059533952fcc69cb8f3f4fbe80
assets/minecraft/textures/item/creeper_banner_pattern.png,16,16,624275c8d974c76b26ff29bc6e84262086c16b87c8c23bc3d02a0d725ef86b03
assets/minecraft/textures/item/crimson_door.png,16,16,82134803d9116380ed67fb2f6010e8faa5da40faecadf9d0570ebb7f1755b8f0
assets/minecraft/textures/item/crimson_hanging_sign.png,16,16,705b3f00822b0ab9386b32373b810f81ced7a083477080bd0ef1bba43b1e4342
assets/minecraft/textures/item/crimson_sign.png,16,16,c612fd8377e4107b92dcdb198ef6b7c846903eedde78d0365f356845397af438
assets/minecraft/textures/item/crossbow_arrow.png,16,16,43bbd6b947fb70806ddcafeba44cfc26b46407d4da6f68aecd93bad57a0b7428
assets/minecraft/textures/item/crossbow_firework.png,16,16,b101743bd389bb004fed155440261e17bbc6f8c80a8f8e11ee81f7b1a869bae4
assets/minecraft/textures/item/crossbow_pulling_0.png,16,16,716662b863051be15b12663bfd5e3f8c42a5d1644391231b0dc9e4f91ebfeeaa
assets/minecraft/textures/item/crossbow_pulling_1.png,16,16,d87fbce426974543a554d415b00e7330776d67fe97f0468f72ea9a0136bed4fb
assets/minecraft/textures/item/crossbow_pulling_2.png,16,16,2caed197e426915a0e2fab8db20f258657be2b8ad62905016ce6933c513416da
assets/minecraft/textures/item/crossbow_standby.png,16,16,e1bddad32a6ad647b08608b982ea509f424312ee41ce2558c5abd0387b0fd337
assets/minecraft/textures/item/cyan_candle.png,16,16,d54f2766b2cc796452a717e84eca876c57db682d02e25ccdf4c5ffa1d2b3581a
assets/minecraft/textures/item/cyan_dye.png,16,16,25be21e1385a6744048c6dc4b44320425996aba188d2cb6339518e234c008281
assets/minecraft/textures/item/danger_pottery_sherd.png,16,16,4e3580c184d996ccd6a629bec1eb8e6c5dcca6e2e62f4620e81f474e1587d75c
assets/minecraft/textures/item/dark_oak_boat.png,16,16,2e87b6aefcb4cd5160c5fee4840174e4f8fac63c0ca5275d14fa54b6b0a11dfd
assets/minecraft/textures/item/dark_oak_chest_boat.png,16,16,28eea9a2407df7943f8638c8d7b18a5b48f0aa155c3fcd4aab437e1d9ec37612
assets/minecraft/textures/item/dark_oak_door.png,16,16,93f1299b4eca622e727eead32b81281d994094fcd43522cd8bc4835e9a0d7df5
assets/minecraft/textures/item/dark_oak_hanging_sign.png,16,16,29a6d08de6186a705c281446f63842dc5c2f547d812c7baaed71ced74159b4fd
assets/minecraft/textures/item/dark_oak_sign.png,16,16,7f9fa461a23f4c8df970d50de29c1a4bde4aaa5915142038dbb99fa010a9937f
assets/minecraft/textures/item/diamond.png,16,16,39ab9821ee4cd7194372cbc88f2225959f51c114a64848fc099be6d90ed214ab
assets/minecraft/textures/item/diamond_axe.png,16,16,53ac91433a8481bda08dba58b3e64b58ba2a1bb5605ae8a8abcb7ca35f71ec44
assets/minecraft/textures/item/diamond_boots.png,16,16,8714f58c2a03425c38118646f6ecaf7a97a1b3b4b72d4ac8171f09249e6dd465
assets/minecraft/textures/item/diamond_chestplate.png,16,16,1beef6f9e8031609fe5d95f79f2a752c45fee9d2f244b4666ca9459c097c1e38
assets/minecraft/textures/item/diamond_helmet.png,16,16,2f30d6b3503cf41cb01a0f9e5d3c57b0bb5fad3957820e5f10e33cda321c637c
assets/minecraft/textures/item/diamond_hoe.png,16,16,bd128f081462acf260c948f8182a89183c11ec5fad25921ad7ce5b1f93fe5a7d
assets/minecraft/textures/item/diamond_horse_armor.png,16,16,8a39726a090df59d6d6c0763f6c4d9037fcd4adcdbbd46570a0e0f200897b4c7
assets/minecraft/textures/item/diamond_leggings.png,16,16,f9c9bbe693d71f5b14b6c8e20fa9263108881edd2af55bd946f268f59c9f9053
assets/minecraft/textures/item/diamond_pickaxe.png,16,16,a11f6bcbda1201e37d3766546dceab9114a670d99ed36dd11d7ee385a36eddcb
assets/minecraft/textures/item/diamond_shovel.png,16,16,810c79864c331d43c8a6d0c4e9866f91813a5a9602cb97b2a7f6e22bf4448f96
assets/minecraft/textures/item/diamond_sword.png,16,16,5634a8cb79a70beb306210de9ec492fc2d4dc8f739372683e9882ef06bf63008
assets/minecraft/textures/item/disc_fragment_5.png,16,16,4718cd0adf3516d611f3078bc1c965d4b8a9e5b69ee41c49bfd49b85b264478c
assets/minecraft/textures/item/dragon_breath.png,16,16,c90d9a14bfe11a0b371f09532b51638cc36ca31e2bce38e79c4e9f106d771924
assets/minecraft/textures/item/dried_kelp.png,16,16,cc5a38300db57a2705f46fbe57fc55946f5306d29da0835565f226bae6f0677e
assets/minecraft/textures/item/dune_armor_trim_smithing_template.png,16,16,fc23eb107595a6662ba30202a64280c452387b8f1f028a82d98462f2dbf41f48
assets/minecraft/textures/item/echo_shard.png,16,16,65bf7159733d86669212cc5200e2d92ea408783c56762531cd1fc9fde80d283c
assets/minecraft/textures/item/egg.png,16,16,3bfccf5fcfe66933d591e944f6b08456c8083f5c3898b924da52bfebc41e6322
assets/minecraft/textures/item/elytra.png,16,16,82a151de69a3540047868cbafde15ff67793520aeb855c790109007a027887ab
assets/minecraft/textures/item/emerald.png,16,16,25efe9ce7a979b3b7188fbe8a1aad5a8f25dccaa06260354c8270326c4608170
assets/minecraft/textures/item/empty_armor_slot_boots.png,16,16,4e5451daea3959cd76675ef5e30a160d5081fe519881a37ab44bc79e3314abd3
assets/minecraft/textures/item/empty_armor_slot_chestplate.png,16,16,32999c2c895f504c258d6c4d7962c6652b0400c7be457beb5d7f3373c7f742a5
assets/minecraft/textures/item/empty_armor_slot_helmet.png,16,16,028ded51c843dd2f1b3f78f058f3ccd08b51c68303aed3b11e52361bf1da2d15
assets/minecraft/textures/item/empty_armor_slot_leggings.png,16,16,fd37c770ff3b230294d72fe14fcefc5c7572166eee96098f9a9ba209e1a40ddf
assets/minecraft/textures/item/empty_armor_slot_shield.png,16,16,d26002c0f877779eeab4a822dded7545374bcde6e3927bcc593a135151db3a87
assets/minecraft/textures/item/empty_slot_amethyst_shard.png,16,16,f43a7b9b1fd38df30147d51b54bf8ded9448f944da882a6669e2013fbfc2092b
assets/minecraft/textures/item/empty_slot_axe.png,16,16,9825041edfe0ef2fcad7e2bed3f9aabeb131064640b7e78ad658659320fdb0a9
assets/minecraft/textures/item/empty_slot_diamond.png,16,16,666aed3f61b083e77a96b2b247871fb59ba1289131acbaaeb6f928e04bbbf78d
assets/minecraft/textures/item/empty_slot_emerald.png,16,16,474441042fe329e9fc663de1f2ed2e5809dd139d015c5366bfdaf282b960a809
assets/minecraft/textures/item/empty_slot_hoe.png,16,16,7780062edef0a8e342788c74c10247bff93ea212d0dd29bf416c374937fdcfaf
assets/minecraft/textures/item/empty_slot_ingot.png,16,16,9b7fe5eddf72b71649a197bc6facfe684e8667046466f30081ccc3197c184e65
assets/minecraft/textures/item/empty_slot_lapis_lazuli.png,16,16,0de189c826446c95f5be9c0ebdb38b44a21a880ef9d44776d91173538065b1f7
assets/minecraft/textures/item/empty_slot_pickaxe.png,16,16,2e23d45adcaaa25d975b7065930fb7cdc787fd3f9c9a8368991b526e020bea77
assets/minecraft/textures/item/empty_slot_quartz.png,16,16,58bd637d5cb5a3c780d305c47e1579be610197796f9a4da70b45740385656142
assets/minecraft/textures/item/empty_slot_redstone_dust.png,16,16,6e05972bd159c71886e16584ecfeb495468f94a408ff7bab6855d46b7b5c5f76
assets/minecraft/textures/item/empty_slot_shovel.png,16,16,cfa1523a9a7741588626f98b2a9f0644614b3eb29a7375fd4d4fbf9307a9963e
assets/minecraft/textures/item/empty_slot_smithing_template_armor_trim.png,16,16,4dd483e76f16d2c38d91876200f3ae5910ef05b651c90393d68ade788e34134a
assets/minecraft/textures/item/empty_slot_smithing_template_netherite_upgrade.png,16,16,63da1fccd4a8ea0a941227f5fdee26c96d0ad20bc86cda1dd7198465224fb1bf
assets/minecraft/textures/item/empty_slot_sword.png,16,16,4b404f64420bd476fd1143641183750fb4aba62033af231e874e5bf383207ab7
assets/minecraft/textures/item/enchanted_book.png,16,16,43912a1891cc6fb1fae50e5f3c06827e4322e4fbb25a0d5d7c10ab8622c4a655
assets/minecraft/textures/item/end_crystal.png,16,16,ea16b9d23ecd5e65613320fda7ca67ecc1e219b0c49b5027089b3f0fc682a5a7
assets/minecraft/textures/item/ender_eye.png,16,16,b026e708ac2763f03a2cb70712a0303ef61e757f65245fcd9f235e0725169e78
assets/minecraft/textures/item/ender_pearl.png,16,16,b872cbe53fada2edf2a5b1549ff53f72120428b618b9249f01e6492f6dcd7279
assets/minecraft/textures/item/experience_bottle.png,16,16,bf824bc91dc620010fed8c7ae9da9f91d4ce7910317b1a056029fd2dad4b3a8c
assets/minecraft/textures/item/explorer_pottery_sherd.png,16,16,0f801a7d94f2ace69d1f2ac919a495df019f8a14e4c3219bb181a2f118804a7c
assets/minecraft/textures/item/eye_armor_trim_smithing_template.png,16,16,35cfd2d1f2ec047b90e9d4709dc453da7611025d44afb5d5ebbad21deb5ce165
assets/minecraft/textures/item/feather.png,16,16,56513599c70b5da268ebf37e3245ef1f0fc9645a8b654aedd69069ec2f757513
assets/minecraft/textures/item/fermented_spider_eye.png,16,16,4b878d9cc6d8e73e7c80fb34612d69e5aa3fe205da2d6b56f811033dac2d2074
assets/minecraft/textures/item/filled_map.png,16,16,22e0f1856b995aa6a3f71525bba330ec31e739506d5565f52c05a0c60f93db42
assets/minecraft/textures/item/filled_map_markings.png,16,16,7e01cc208da72f12dc8b1cc30548874d3e984e8ca813e38f893ad092140ca3b0
assets/minecraft/textures/item/fire_charge.png,16,16,90c74010283975b11e2b9d9e7b113a39912a03be52375daa31498eacbc65def4
assets/minecraft/textures/item/firework_rocket.png,16,16,465651308170dcc0d336513608f1f7e3eb689f208b09d24c5a46b5431468e18b
assets/minecraft/textures/item/firework_star.png,16,16,b22f6b940aaeeade851e7d0876fdd16ce1682b05cbddc42a717a7bbdbbff2eb4
assets/minecraft/textures/item/firework_star_overlay.png,16,16,7f29ef3537fba500cd42ffa874fa40077940dd79062b8e0b845fc43662120a55
assets/minecraft/textures/item/fishing_rod.png,16,16,eaf66dce8f2dfccdc95c8b2c8df7d715bb4a337dfa250a227a9eb58b73b0602c
assets/minecraft/textures/item/fishing_rod_cast.png,16,16,503554123725458a5a3386b4b6751cad91f1f9393ad1031b214a9e5752f94ccf
assets/minecraft/textures/item/flint.png,16,16,ba7c3c7a261bfcbc2f1d8c67b808d8bce73ff8f7445aa76d8dc62a7f28198fc0
assets/minecraft/textures/item/flint_and_steel.png,16,16,5731c0064733dbd0e30c7033927a218341ca043b1a2240f8714428b0b554203c
assets/minecraft/textures/item/flower_banner_pattern.png,16,16,624275c8d974c76b26ff29bc6e84262086c16b87c8c23bc3d02a0d725ef86b03
assets/minecraft/textures/item/flower_pot.png,16,16,0b6e2be923c5d1fdd29fed01f53aa3bcda1248859ff713dc0b94dc09f9b9529f
assets/minecraft/textures/item/friend_pottery_sherd.png,16,16,6e94d2d8a105fb74a329dac15afd2c93f5f023802951363a98098bebbcb40990
assets/minecraft/textures/item/furnace_minecart.png,16,16,440356b05299d3dcecbb0de4b0acf39140402f4772ec1fdcfae7e993e9de60fa
assets/minecraft/textures/item/ghast_tear.png,16,16,6f13587b4de52bb1d27d2b7e52ee0787984e30af86fb301615006395b934db06
assets/minecraft/textures/item/glass_bottle.png,16,16,6a09a39bb6c41bc92bd5eca1f51caf5b582a85f68206b164476c8e14a4669416
assets/minecraft/textures/item/glistering_melon_slice.png,16,16,c2547a4a5e566d86ad43c143a38e458888eb775c49c4dc038d736b61b9d9bb18
assets/minecraft/textures/item/globe_banner_pattern.png,16,16,624275c8d974c76b26ff29bc6e84262086c16b87c8c23bc3d02a0d725ef86b03
assets/minecraft/textures/item/glow_berries.png,16,16,b24c99d439528818c205d23e605bd7986691d782d8f8e0299666a1383e6f7a00
assets/minecraft/textures/item/glow_ink_sac.png,16,16,e2d115e632ed0d615aa3c06e50b746befabdaab7090af90fa8bea6a4a9d61341
assets/minecraft/textures/item/glow_item_frame.png,16,16,3f732baa87097ab2bae9314f81227aeaed143d51e246c7ee042c59ff820a5a7b
assets/minecraft/textures/item/glowstone_dust.png,16,16,40f7673da900c4ab308e398ebfb3fd5c18b11d0c4f97d5588f192cd34e026974
assets/minecraft/textures/item/goat_horn.png,16,16,4628d6ed220ce9f4a99acdf6163eae043eaa5b4aff0594bf5cd1d47ab5d09303
assets/minecraft/textures/item/gold_ingot.png,16,16,b7e597e3153cb1157c68cfdb9d6067d3bbb0ef2f4c43ff791442b63bd575616e
assets/minecraft/textures/item/gold_nugget.png,16,16,73c9c64b35e15a47366802fa899b115fce6380d1f19bda38dd7ef196182029ca
assets/minecraft/textures/item/golden_apple.png,16,16,b9629677050325f9363375705254674375f5e00a06f2dfb1f96b332df1e68ffd
assets/minecraft/textures/item/golden_axe.png,16,16,af3797bac21957c03ad727fa46cfd62da15887d30c310184e33362a056afadd7
assets/minecraft/textures/item/golden_boots.png,16,16,4b7571b2b480059c0b8845858258913468f57921a150d42f90774af077bf21ba
assets/minecraft/textures/item/golden_carrot.png,16,16,62d3bb1bafb1c4d610ddb98ed73308540bc512ce19c210d3725b8f2dd67c1da1
assets/minecraft/textures/item/golden_chestplate.png,16,16,8cf8c26d8114411b28d8821c4d37949b2dc23b65ecf22975236e7e2ea308ce3e
assets/minecraft/textures/item/golden_helmet.png,16,16,8ae45e17781348267aa32b03e7e4f8c828d1f62b2b9a3f4216b04b6932f73868
assets/minecraft/textures/item/golden_hoe.png,16,16,6cd791b2661a0d18b22ebd9265af80acf990ef78d2c7f0c4e2cec1d6079bfc47
assets/minecraft/textures/item/golden_horse_armor.png,16,16,06f2b33036dbd3b262732b12093ce6202d86399b7f70730d29af5a4d1c835d04
assets/minecraft/textures/item/golden_leggings.png,16,16,158ea37cf5d31214ffc3a0c57f34451e08f97aedeea16d2f90dff7e666ec67e9
assets/minecraft/textures/item/golden_pickaxe.png,16,16,72f15ac075ac9db91725c0d8958d143825314d3673e947c1ad3d662e1705cbb7
assets/minecraft/textures/item/golden_shovel.png,16,16,1dd289fc552ec20ce9217a8a06edb7862c337a8fcccb3777ce740c9d152f0e77
assets/minecraft/textures/item/golden_sword.png,16,16,ec9c723ff0d81cf7254ec59819a4179c65a15edcc9148bddea569e54791b25da
assets/minecraft/textures/item/gray_candle.png,16,16,e93e98b297c90161be2d69adac2a8b047da45ff2a87599d58d5b449bc2c5d750
assets/minecraft/textures/item/gray_dye.png,16,16,09dbe16911e2a62e30aa6dc5b035eaad60941c5b757b4954fae4276bd8e1d54c
assets/minecraft/textures/item/green_candle.png,16,16,bdc5520e6e4c1a798eff44e3fecd3729400dd78f10ff2a57043e99ea9e997614
assets/minecraft/textures/item/green_dye.png,16,16,355073ac2d5686d9a30369259b3c631357a8dd55a5defd9299950bdbac84ea9e
assets/minecraft/textures/item/gunpowder.png,16,16,2e92e94da1d88d700f946aefd67e8fae76dbf7517931063c88c7ff547a2a7bf2
assets/minecraft/textures/item/heart_of_the_sea.png,16,16,2e683fab36ea9be3f84db167eac3d50a0729b2edd8add4967f970867d083bed1
assets/minecraft/textures/item/heart_pottery_sherd.png,16,16,75d14699b80ae38c017db50672e19ff2b86179ecae7cc87a3ca646f1a561be21
assets/minecraft/textures/item/heartbreak_pottery_sherd.png,16,16,c11162e31115e004c8d8440002121e4e9d31f92f04c62b49f2e9a446304153a8
assets/minecraft/textures/item/honey_bottle.png,16,16,c41e02d9398446543c77a4a50678715d6182004e8f170c6b5c12d84578fe5d98
assets/minecraft/textures/item/honeycomb.png,16,16,a777ccc39d4316691207759613da039abe2f8926255837b6a78bd82ca049efbc
assets/minecraft/textures/item/hopper.png,16,16,f8e6ad574a84643419d11510e0bc7c5158332a45610a13e7bf4f572c9252551e
assets/minecraft/textures/item/hopper_minecart.png,16,16,50f346b50d5f692f9f777ed5e7cadc255aa81ffe5ba80f0c4d02080a69c7acb5
assets/minecraft/textures/item/host_armor_trim_smithing_template.png,16,16,0fb14d288b66c15c2a1243e59652a1ed33199d9ebfd30feea0204084cec2163a
assets/minecraft/textures/item/howl_pottery_sherd.png,16,16,bc38a22b9e475546a05942cedaa8b5fd9c570888a75d22e2ae026bbabc6d8a75
assets/minecraft/textures/item/ink_sac.png,16,16,0b6afc3bedf39949e7a59821e8d0e4bbf1a9617d8e751fc23ddd9b05fe16756d
assets/minecraft/textures/item/iron_axe.png,16,16,8dea40bac06c6f14bb0ad9e8b47de63250f6d6a46ae9439b85ddd1377f1edb49
assets/minecraft/textures/item/iron_boots.png,16,16,e4a500c023d7a54a63810b97187de55503960298a225bd64f68e18253e408a14
assets/minecraft/textures/item/iron_chestplate.png,16,16,028d1a738128c5622471a9d1b94f00b49a696e7c4fac3dfccd07272e50021f71
assets/minecraft/textures/item/iron_door.png,16,16,f8d15cc3eba6a45a56e9b16d36035ba8b84679a95d6994d5b14711b28aad8b03
assets/minecraft/textures/item/iron_helmet.png,16,16,db530074cf0a2b1e6d6958f66536625764f47e00e3c1cc9f558586c24a5cf9dc
assets/minecraft/textures/item/iron_hoe.png,16,16,4ed88a87c141168b4552041174e83105e5d5825ea9b96836dd4869c674848d69
assets/minecraft/textures/item/iron_horse_armor.png,16,16,8c64960c3abaca66e7092b9568fdd84a6b7fcd1663bc0a2a0559826ef57802c0
assets/minecraft/textures/item/iron_ingot.png,16,16,4625aa2c32c74bd6796c7ba8e7ee6300db8d2f24fb38c9d9324a63b262a44391
assets/minecraft/textures/item/iron_leggings.png,16,16,64fee8e18c943e5131041b6cd560c33e2d512f3a56f99cbc4a1c545479ccba2c
assets/minecraft/textures/item/iron_nugget.png,16,16,c9647153bb90c1ba20e2405707cc872d32284674a0086e19e8dc82fbccdfc775
assets/minecraft/textures/item/iron_pickaxe.png,16,16,67305d8bd14e1d60633258f52055fce5aeaea7837c10e62d436fc16f163be627
assets/minecraft/textures/item/iron_shovel.png,16,16,c9d36d59ec53ebc631bd24930f62087c316eef39bd237d8bb69cb2bb629dfae5
assets/minecraft/textures/item/iron_sword.png,16,16,ed1fa2f83955583e70a19791455d13989e8bd93b1d7240e775a57141022bed6b
assets/minecraft/textures/item/item_frame.png,16,16,1bb89e4ae62e906af1cd248f56665e674d2c60a208f012cc943ed76135bfc80c
assets/minecraft/textures/item/jungle_boat.png,16,16,02bcf5aeb8d90b0aed3029d22ec3b122811ae30ec59f3a76f5df6b8604a95827
assets/minecraft/textures/item/jungle_chest_boat.png,16,16,ddbb2772604bca759ee86e867b9f29f45e226050d6101e561496b7810c7aabe2
assets/minecraft/textures/item/jungle_door.png,16,16,629ab7ed003d5a7fb0718ff17f3d69c9d2229c801b973fa563db5d240d6e0651
assets/minecraft/textures/item/jungle_hanging_sign.png,16,16,94c17d212e664eaf7f5109abb0825d4793c5ec067d6975dfc633b922cdf4c21a
assets/minecraft/textures/item/jungle_sign.png,16,16,5f6f3f949e9b928a5bad9a307fc10cc4ace470ef17fd55c4cc97123619bf1c55
assets/minecraft/textures/item/kelp.png,16,16,dbdc6e36022350f7e6b4a6a889ae0643e7a70f440fd373cafa86e991c2caa44c
assets/minecraft/textures/item/knowledge_book.png,16,16,c7f6722ec83608cb60d3e848c93bdec5de477d0a9bd4bb0fabf249a0f3ac7668
assets/minecraft/textures/item/lantern.png,16,16,ad3ff1ae9d2a3607ec393a9ec50637675e1d8a27846c6b06a04b7124bc8069f9
assets/minecraft/textures/item/lapis_lazuli.png,16,16,f83390ea90ad5d61f2851ded21320a0cf671eafc00bae2615b5b3e11d30efa82
assets/minecraft/textures/item/lava_bucket.png,16,16,d4641298a3d4f7b43bb7e0e7c033dc9acb7cfe15b95eff25ed88116ae72b4238
assets/minecraft/textures/item/lead.png,16,16,8970ef231b71a4aec68b56d77d4bab27d69fdeb59e4a5faa6c837c3ccc9f87a5
assets/minecraft/textures/item/leather.png,16,16,d3ee371b5dfc67d2ef11c2e2acc4a1f7f069af2fb4fd9b2d73b815e911fcdbe7
assets/minecraft/textures/item/leather_boots.png,16,16,d54ca10f90b72004436fd9a6aa8d136a692f89f505056ae47d8395137b46637c
assets/minecraft/textures/item/leather_boots_overlay.png,16,16,fbd87a98ff5bab4a028c2f314a98c19434cfb71d947fbde129ec474196568cb0
assets/minecraft/textures/item/leather_chestplate.png,16,16,f4388ae2703b5eb9139d965c242289da09d6b26c8025d67a148dfd03597271bb
assets/minecraft/textures/item/leather_chestplate_overlay.png,16,16,eec51b2266af48812f347de3b41d10c16205fe602ef0b02efb52af190365edea
assets/minecraft/textures/item/leather_helmet.png,16,16,fb5c1283c5ad8e2d32ad4154e12f759a94d0431f36ecca49b3da84ffc050cd7c
assets/minecraft/textures/item/leather_helmet_overlay.png,16,16,5ece5fc6b1b2423953c42de058c9641dd6eacd50027f9226cac2e20f8e7add4c
assets/minecraft/textures/item/leather_horse_armor.png,16,16,bd8f6ad5b8e2dbd3bf5fa7bc1f6afae3f4837eb5ebd4c230c2f91ec28a0aa43e
assets/minecraft/textures/item/leather_leggings.png,16,16,5fe9d39042279e71ed6279e430401f46a571c519768717631c5683d3b6f65536
assets/minecraft/textures/item/leather_leggings_overlay.png,16,16,3256a5dbbf0e249dbbc90421c97dabd7407b6e5372768c6b18c0c79d32c7f50d
assets/minecraft/textures/item/light.png,16,16,1faec21b226e67161e6722d6a8616031d5e7cee7cc239c9b1ca909d15f836fff
assets/minecraft/textures/item/light_00.png,16,16,17840374387d307a2c3e2338dfd4d70c1551ed06cd95e656212517f942db3ff8
assets/minecraft/textures/item/light_01.png,16,16,ecd57f7faec8f87ddb4c51a5d3b09e5b78e31c8a86a1427f529e1687b23b76c8
assets/minecraft/textures/item/light_02.png,16,16,27903977df1b41792f73912ccec1b924aa12d442f9ed33630f9ce685fd9f2e71
assets/minecraft/textures/item/light_03.png,16,16,8fab437c4e8d62b1ce04bd3070351de5fd0aca102f86512498074eb5ca7d75d9
assets/minecraft/textures/item/light_04.png,16,16,aae10ad47efc9be0f1f64be7e7160a78a8ba41efa69e16668b34e6a266e6c7eb
assets/minecraft/textures/item/light_05.png,16,16,e94c80885c3a27964db4884a58718d433fd4ccc2a626476af481fa0c59de6f48
assets/minecraft/textures/item/light_06.png,16,16,699ad2e0a1016dea4d43b3ede3a6488e26acd5b23d9d0caf6ec5392c1a0f8205
assets/minecraft/textures/item/light_07.png,16,16,33e11b0e1b48550794b9edc7ec8f76f27117a236e2cba32114fddb6da4c3c2d7
assets/minecraft/textures/item/light_08.png,16,16,dc3b8ac8a5eac3dd5f475e09949a314f13cdc832c4ce2e6f43fa92dc4e864099
assets/minecraft/textures/item/light_09.png,16,16,ee4a781171aeee16499ae25b3089e92c2be55bcefe1c69a0b821fbbb52a43af2
assets/minecraft/textures/item/light_10.png,16,16,151db01c18133aa8f65ac7b854b22cbd31ad0ac48b9e553a85946e4a2724d29d
assets/minecraft/textures/item/light_11.png,16,16,96233c85fc47693b7a01bf11d8cf9424d2de159d8db14c129e43c024e8cfa676
assets/minecraft/textures/item/light_12.png,16,16,c2e7f7a37d42174e16dbc02d91cfeaf80ac7a91a07d33ae5b27db1c18ce216a4
assets/minecraft/textures/item/light_13.png,16,16,10c95b7a912f3ba62fc813d6cc5cee2537348a1796465719f16b6d9a3ab76f8f
assets/minecraft/textures/item/light_14.png,16,16,7cc027407a378a472f12a486b68474a93920001012c888ed1af60a629671b9c8
assets/minecraft/textures/item/light_15.png,16,16,1e00ea4d57529117318703aa728d54ced16a6b64f4073167f8b417a50864dc50
assets/minecraft/textures/item/light_blue_candle.png,16,16,a7a087bbfda72f7eb52f3c2fbf623d962d7e540401bc7541e086fd058c58ed45
assets/minecraft/textures/item/light_blue_dye.png,16,16,184ff324b2846e516e4395e0a7ab8d43fc62faea4db0b5f6604b5dcec89d85ec
assets/minecraft/textures/item/light_gray_candle.png,16,16,cd38a08712956cf3972f5665a0dbff9931470db73538040900f4e2824570807f
assets/minecraft/textures/item/light_gray_dye.png,16,16,d9d1e8af6638d8c8762bea547ed6c7b224123de58e803cb8a5d7492d9e00ff91
assets/minecraft/textures/item/lime_candle.png,16,16,5fa9c56118546a1f33797290c4450c3ab5ec5f1a15dfd56106b61f6c9edc5e11
assets/minecraft/textures/item/lime_dye.png,16,16,83aeabf356b219c3fc138d580e9870739f07e491e2055edd9bedaf884a739dad
assets/minecraft/textures/item/lingering_potion.png,16,16,72e9deef65219b6b49745997c9adbca810ea70f9f54662fc44810f33bac198c0
assets/minecraft/textures/item/magenta_candle.png,16,16,84eb122cd3c35972509c1fbbe40c135c8ce84e4b6a3a6a3658e8111c11c58fcd
assets/minecraft/textures/item/magenta_dye.png,16,16,5f41e22d35f6de7b47b527f3cf788c63cbb7850add5463a7368941a39bfea46a
assets/minecraft/textures/item/magma_cream.png,16,16,ad3d0f9f2875e737741eb6b6f1605c93b2ddd60cef8e86ff29b77aff4245807a
assets/minecraft/textures/item/mangrove_boat.png,16,16,514dcbbf507be2d0f96057e5ca0bab00949a9583b5f086f09d5968d434ce108a
assets/minecraft/textures/item/mangrove_chest_boat.png,16,16,3ecc66accf2c86bc4f87714f622b76712b56b286ffefcfb3808c59e35dedea4b
assets/minecraft/textures/item/mangrove_door.png,16,16,bd4158190b012f8de247d16e8dc521398973cbdc6414adf6b5dc81cc786098c7
assets/minecraft/textures/item/mangrove_hanging_sign.png,16,16,e1f9b00ff418854ada6bef89543986380b93af14735f7933f498044783afbe12
assets/minecraft/textures/item/mangrove_propagule.png,16,16,c4ff7e9297fa3716ae78dd1173c05f27069c6ae893e023916379edaf94e3a1f9
assets/minecraft/textures/item/mangrove_sign.png,16,16,4f36bc79138776de7edc623154e01d881bfdd442165821cc2e2d2de5f987532e
assets/minecraft/textures/item/map.png,16,16,22e0f1856b995aa6a3f71525bba330ec31e739506d5565f52c05a0c60f93db42
assets/minecraft/textures/item/melon_seeds.png,16,16,8c1328f0a39e09aa3a1be29fafb0aabe2e2870d2655e62dd5ff0e54573209237
assets/minecraft/textures/item/melon_slice.png,16,16,33e8455a304035d065be44cc16dfbe6596db08e17b086896eb443680e76f5d9a
assets/minecraft/textures/item/milk_bucket.png,16,16,4fe54fe49384a16fead5dec458363eb6656660cde88e53eb1c4adbee3c88a6a1
assets/minecraft/textures/item/minecart.png,16,16,bd60ce8d4b7a4cab23561acee1066028e8829ba3128bf2d5d56f75a20011ae42
assets/minecraft/textures/item/miner_pottery_sherd.png,16,16,b138da66c7fc6cbe4df3b7f5fcb8392e6a94b25118bcacdad693e0c07df75dcd
assets/minecraft/textures/item/mojang_banner_pattern.png,16,16,624275c8d974c76b26ff29bc6e84262086c16b87c8c23bc3d02a0d725ef86b03
assets/minecraft/textures/item/mourner_pottery_sherd.png,16,16,7ca5c03d904af0deeb206109efab106fa137c6a2f9238b3ad345cc5b0ce81e51
assets/minecraft/textures/item/mushroom_stew.png,16,16,bd46d7a66c430433049f4e2b82c4f871d9ebdace85a17571fbfc6c1e27a54370
assets/minecraft/textures/item/music_disc_11.png,16,16,dfd0c84cccff0fc1a63318419e8407aa94ab0f725f73eddd256f927f40be19eb
assets/minecraft/textures/item/music_disc_13.png,16,16,6a7812f3816dfe9a602664c3a8a021a6a072401ee49023c535f78a78a5dcc11e
assets/minecraft/textures/item/music_disc_5.png,16,16,6407fa3a3ad9f9a3335861b53feb9397d00a4a58947651a8b3afcb376e5fab67
assets/minecraft/textures/item/music_disc_blocks.png,16,16,987b92573f1d06388cd82843b6ef4bb89d22cc75a3327a63cbbf15e0f51dcae3
assets/minecraft/textures/item/music_disc_cat.png,16,16,f95b6849639929d68145fca425e1e9c0d0d5377b20d664095e119b66c4cdf533
assets/minecraft/textures/item/music_disc_chirp.png,16,16,e8c3751cbcd59d5628894b126d94d73362bc55e60a252454aa904079e43ce8cd
assets/minecraft/textures/item/music_disc_far.png,16,16,c52c4349e002c0ab45e9181980c3cf88107baa3ebabb3be94ad667c9f9700997
assets/minecraft/textures/item/music_disc_mall.png,16,16,6655cc4a7a20ba17d5c39751198f07e808e1322c24d9fad0a86fdb6518586671
assets/minecraft/textures/item/music_disc_mellohi.png,16,16,1e364edc710e4ddeb98baa71be3955fb720b229a9a47fcf7931509e5b07656d6
assets/minecraft/textures/item/music_disc_otherside.png,16,16,e3fea35b542c1eeb42207d570ea54c33e2227d95d1b61594dea47a6733ec9d56
assets/minecraft/textures/item/music_disc_pigstep.png,16,16,22486036c79c54541d8f595c9a344f0c005781101017a5e36657a81751747269
assets/minecraft/textures/item/music_disc_relic.png,16,16,34c964fbd72256658971b6ec77ed689117dd4344d78daa93963d0599ff4702c4
assets/minecraft/textures/item/music_disc_stal.png,16,16,16292f6e7b3496eb7715fbdb670be8db622127878fddaec1a63d7c065b94b486
assets/minecraft/textures/item/music_disc_strad.png,16,16,ffdaf237eff3d3109a7240447ff39b1bd0300afdda6b735e238f49a539aa79f4
assets/minecraft/textures/item/music_disc_wait.png,16,16,a52a5c40793d7aef3d38ca78007f68be093675ce4b49f262bffa138a245d294c
assets/minecraft/textures/item/music_disc_ward.png,16,16,3f77fbe1c7f043d73fc5d41867ebef9827d165c6021d9e2ab235788f16d58d12
assets/minecraft/textures/item/mutton.png,16,16,c879e9c708e9b748bdb2a740c294bbfb0c08b47f076e1d3b73517ea316dceeea
assets/minecraft/textures/item/name_tag.png,16,16,b0fe4ec9b7914ef9406d58a8bc255e459bd66a0c3ae4e8064f13c421ad011972
assets/minecraft/textures/item/nautilus_shell.png,16,16,852d4f35c4c833b8fe2bee8922ac1d9452f9222e8fc646b767ff2eaa5ac91a48
assets/minecraft/textures/item/nether_brick.png,16,16,56a9b691ff89e08842df0263eae46b8fa70f7026e4580fe7072b96f395547928
assets/minecraft/textures/item/nether_sprouts.png,16,16,0b93ef7874b08844e9a5b38e747980225e9cdcc2356394453acde89c1b33df70
assets/minecraft/textures/item/nether_star.png,16,16,9deb09e7390f0c7c4cff35b3a0a0bc4ac8e1ea1c549b5459dc057936c7a30668
assets/minecraft/textures/item/nether_wart.png,16,16,e24b389b30a345c77ff46a4724857414cf22ea48b682b6a24e3e7b3ac782c19b
assets/minecraft/textures/item/netherite_axe.png,16,16,aa1c6ff73e24c7a6fd06bc3ae59b4961ffd08d22fb51b7e2b93678ce82d5a1aa
assets/minecraft/textures/item/netherite_boots.png,16,16,165f358064a52c31bccc0d60475f58ed9e07e8cc8f8e6d7476d605a743c87869
assets/minecraft/textures/item/netherite_chestplate.png,16,16,93728dc0e2bb1cd6bd9c788168766b4464185f43d1b31c106914d32d3e56fb89
assets/minecraft/textures/item/netherite_helmet.png,16,16,79117a0656e4cd53950ad25aaa073991db83e65be3363de5c1f899b959912d61
assets/minecraft/textures/item/netherite_hoe.png,16,16,d0ce0f1fd989c8ce408b9db865ada6b89bcb4632aa0b5ca595096fe7b74961fd
assets/minecraft/textures/item/netherite_ingot.png,16,16,5327f4aec6f68e8821478084c7c9bdecf6a78649a91fa8a838d9d39db5262a7b
assets/minecraft/textures/item/netherite_leggings.png,16,16,1f34156db7767c3deca47832b285c5c07d83088bb163d6f8f5d2dfc7d9c94a5f
assets/minecraft/textures/item/netherite_pickaxe.png,16,16,d1c1bab69b30a5a36d5c8229fd2ac7c0f3a970e4a9845d4c25e1179b3f50195a
assets/minecraft/textures/item/netherite_scrap.png,16,16,84a6c7f0eed4effa80e424d9cbc7d7a6560681a576e96ef5a14473314da099e9
assets/minecraft/textures/item/netherite_shovel.png,16,16,53bdac629511db4ef375325f069e84cf9eecec7a08585b7f82477e66bfe9bd9b
assets/minecraft/textures/item/netherite_sword.png,16,16,8293e5f33847659e2910fe998651aff3fb8b1806307047ba5dbb987243d27fac
assets/minecraft/textures/item/netherite_upgrade_smithing_template.png,16,16,4535af58d78f30c28b52e847a1b60a23ca747072651eb34eec64d0d69e0dd7dd
assets/minecraft/textures/item/oak_boat.png,16,16,4ba9b3ef19bb85337bba0684109522c384838649eb79fb182c18287188fbaed6
assets/minecraft/textures/item/oak_chest_boat.png,16,16,c606b57bf25c3e10342633b1790be77e7f6ba6d7e3261f929c1fe014a025826e
assets/minecraft/textures/item/oak_door.png,16,16,bd9eb83ab91cb4415585a03aab1666a01df0057c26d26db559f533f5ad2ed87d
assets/minecraft/textures/item/oak_hanging_sign.png,16,16,f69a2d510ee138cf026668027a4855422e4d73e78563d74dcc1ec7613e5fd8b1
assets/minecraft/textures/item/oak_sign.png,16,16,331dbdf958ebe7cd2ec9feb83df43643ac401db9facc67bbdb7d4e9ece6873f1
assets/minecraft/textures/item/orange_candle.png,16,16,af3127904a1b1dd5eed3dce8017e9877d37f340f50acc3817d9c4c6a123b9d36
assets/minecraft/textures/item/orange_dye.png,16,16,463af96ddb1805113652db7ca1b402ff10c6beb7f7b1e15465199168e5bf9e82
assets/minecraft/textures/item/painting.png,16,16,9aa0c371a826afabb622b9fc24993862582bdcaf111e806e3a94e0ea0eb0325a
assets/minecraft/textures/item/paper.png,16,16,8ffee002bbc339552eb4d6be5948eb4eb66d016c19e7bbc55bc1cd4a575cc44a
assets/minecraft/textures/item/phantom_membrane.png,16,16,d68d1a1def46c7c9b2dbc139c59ef2bd194e55a56a2806db5e6a900e6871df3b
assets/minecraft/textures/item/piglin_banner_pattern.png,16,16,624275c8d974c76b26ff29bc6e84262086c16b87c8c23bc3d02a0d725ef86b03
assets/minecraft/textures/item/pink_candle.png,16,16,9af7ce968320908931ddfc8b8bc0b94baffe13561b76374c77e700a64e3a7154
assets/minecraft/textures/item/pink_dye.png,16,16,759e8d6f5320900df29e02f396bb4820a12fe4433d8419279f1a8eb96960d26e
assets/minecraft/textures/item/pink_petals.png,16,16,e9c4ba5674b9b32be7767b0ef8914afb1bcc1db6b8afdb301dcd52f17a69698f
assets/minecraft/textures/item/pitcher_plant.png,16,16,3e380c5cf8c51faf5da2e73cf1748531644a8157597462d77fb947c5e053183b
assets/minecraft/textures/item/pitcher_pod.png,16,16,b0577f92942e867c601419d97ff1192b9e7d6b740afc2b6d3d76c1d529dc296d
assets/minecraft/textures/item/plenty_pottery_sherd.png,16,16,559c9b168ec5464a4a560d2e01d26df953d6a2cb24577b66464202ca44c779de
assets/minecraft/textures/item/pointed_dripstone.png,16,16,cd7fcebdbfdedd3b43c0f3a9e91329de0944d41f199335d0a123a9a54d89b2fb
assets/minecraft/textures/item/poisonous_potato.png,16,16,f94a1c6f0e8bf458ee3f8f9a2d77c05f537d9cecb46121198fe5daa1f25ac9e7
assets/minecraft/textures/item/popped_chorus_fruit.png,16,16,ca1739addd08efc20b42c59990d8e17af1b87498764a3299e8209eb2218e4009
assets/minecraft/textures/item/porkchop.png,16,16,90f2eb4c0837ab94fa16c3a5f1a9de58e740d4be030c70ebaee7ec9a944c3b9c
assets/minecraft/textures/item/potato.png,16,16,f1f0d5fe658ed9e2e6f550f72d82b919683011b452a1f0d989213c9a78371dca
assets/minecraft/textures/item/potion.png,16,16,6a09a39bb6c41bc92bd5eca1f51caf5b582a85f68206b164476c8e14a4669416
assets/minecraft/textures/item/potion_overlay.png,16,16,a734ecf66d6a09767592c6b38c453854290d47c987ea122712bad37dca9683e9
assets/minecraft/textures/item/powder_snow_bucket.png,16,16,4c0a405f584fba1aedff2409de4e5a6fce16f22785168f4b419292f89db02450
assets/minecraft/textures/item/prismarine_crystals.png,16,16,f55ed6efe0d9c40609a3e06da7928346d4779009c6382a979aa5bfb039c78f06
assets/minecraft/textures/item/prismarine_shard.png,16,16,b33e10cad7a171f909ccd0ca73a9303a0eb3d1d7428d39f444d7a641a4c79e79
assets/minecraft/textures/item/prize_pottery_sherd.png,16,16,6c31b73f1b59acc859d5ecc71e51cdd23854d62f35d25d636732aefdad3c6e5f
assets/minecraft/textures/item/pufferfish.png,16,16,8232f4b384ad5fb1cd2bd14a928664f4d0b5ba0a560c48771b8cf8f24ea03b1a
assets/minecraft/textures/item/pufferfish_bucket.png,16,16,16b63cb582250c6aced6b9df22f3ac2119dda3c91e0ff5116107775acf753e78
assets/minecraft/textures/item/pumpkin_pie.png,16,16,45768cebf6612e7190c85ec44dc50941abfca93243cc3ac9072cee30cbda868f
assets/minecraft/textures/item/pumpkin_seeds.png,16,16,aa771dd485c9876f2707f6a3387a4cf0fcd8d7b24df678255f7af09afdd9be53
assets/minecraft/textures/item/purple_candle.png,16,16,8010fea3bb2023d42a37e0c2ca350d74afda6c7d6fae000991f0500898cf0243
assets/minecraft/textures/item/purple_dye.png,16,16,e6d00528e8633ffb7aeb7937561fd8934b436050859b105ab599f3ee41346ede
assets/minecraft/textures/item/quartz.png,16,16,014b64fe82d8ec07fa63a5e1711cae5abb574511baf0113a39ef2e922a023658
assets/minecraft/textures/item/rabbit.png,16,16,9cddd3ec2a710e251feb654cd5fab36f2c3edf508919696a0d9429d0e53af777
assets/minecraft/textures/item/rabbit_foot.png,16,16,e589635a85003131a33790e406cd81f4307854ce5cacb3f23bafd918d6b76f9e
assets/minecraft/textures/item/rabbit_hide.png,16,16,ae25220ed0c0e2a2734a4b7b9983fcd3f60ee6ca3f7a871f8addb5ee8220ccc5
assets/minecraft/textures/item/rabbit_stew.png,16,16,777cdb318f89224f4f685ebfc9c5b60e1feddfb5686444151467d425d0427f1b
assets/minecraft/textures/item/raiser_armor_trim_smithing_template.png,16,16,0a9934d52dd6c3522ed227e4195401c487388cbb2985fccf276c3a4aba2d6e0e
assets/minecraft/textures/item/raw_copper.png,16,16,50a83d2b6aadbcbc3a73800012a91776a1085f16a9e27726928c52eaaf1a18cf
assets/minecraft/textures/item/raw_gold.png,16,16,826588dc5ac5b9c9a7b7f8e86703a173a08a28e41306c3dca27964a4a1134ae4
assets/minecraft/textures/item/raw_iron.png,16,16,c87c56318de676c29150b2f7db1071b0cbc5df1e3418a0729f169b0f05587324
assets/minecraft/textures/item/recovery_compass_00.png,16,16,d1d9cf17174d3188730657a28c36ed44f4479554c4efeea2eb21cdbc563abb04
assets/minecraft/textures/item/recovery_compass_01.png,16,16,c836dbd01cad066b10f37187b311da9fc87daede347d064bb8ca8e6934722f00
assets/minecraft/textures/item/recovery_compass_02.png,16,16,acd971189cb771222b3dcb7c17511bbec827a423015969b8d0401d6d7e620c32
assets/minecraft/textures/item/recovery_compass_03.png,16,16,3464598f925daacb179144361ebc747f04678bad86289266bafe5028f111d31a
assets/minecraft/textures/item/recovery_compass_04.png,16,16,9c2eb76da5076dc348480537f10716ab193fdfa0dbaea847dd499b69f104845a
assets/minecraft/textures/item/recovery_compass_05.png,16,16,bc5bd1a4900d19b32cca7f87709ff252f11acfa076b3b430ee36810eecf0af55
assets/minecraft/textures/item/recovery_compass_06.png,16,16,6a53ec9ed6f4780f3dab33f6820c62359d81995bf7e6e39ba58f44c50667ace2
assets/minecraft/textures/item/recovery_compass_07.png,16,16,c1230ec26286e761097e6266a83cd17eb02b2f6593a9fea292e530cfbf0a271b
assets/minecraft/textures/item/recovery_compass_08.png,16,16,c64271e4e06247dc2a339a1aa216a59818b7d56b15693f799beb9be40fa8dec4
assets/minecraft/textures/item/recovery_compass_09.png,16,16,c1230ec26286e761097e6266a83cd17eb02b2f6593a9fea292e530cfbf0a271b
assets/minecraft/textures/item/recovery_compass_10.png,16,16,e704af1608b7c677d3d548dd962079c0d90a2fe171f2ec95ea69072d92264413
assets/minecraft/textures/item/recovery_compass_11.png,16,16,56f7809ab1827952ad14a70d923b6d3d54e94164b42cc2df8c9c0fd23e2927c1
assets/minecraft/textures/item/recovery_compass_12.png,16,16,2f2beab7d53d9f823853b0191d31c18385b3d67775405199349251a001e2279e
assets/minecraft/textures/item/recovery_compass_13.png,16,16,c25e6481c266568a44f6336203482176f763287fc5a89280268085004429f7e3
assets/minecraft/textures/item/recovery_compass_14.png,16,16,ead9a6f101b68e1dd0d33e399b1e6a8bf1e369630aa29afbd51d5d943985937b
assets/minecraft/textures/item/recovery_compass_15.png,16,16,b941ad5b2f8b7ba6c79f08429ed1def8729236ddb2ce9a6c9d694afc1be41ceb
assets/minecraft/textures/item/recovery_compass_16.png,16,16,a6553c5aa9060e0c5ae1b5b771716c75b82d08315a6e9b471c31887533b0057b
assets/minecraft/textures/item/recovery_compass_17.png,16,16,b27b3b52f8edf0fd1f18a1fe34adc17555ad99f8847c9c22dd18df426302e872
assets/minecraft/textures/item/recovery_compass_18.png,16,16,1c42119880e91b260c361b40487e0a39364443230a230ad153af8d66330a0d4a
assets/minecraft/textures/item/recovery_compass_19.png,16,16,724665e18239e92effe633550c076e79b5d6e69b69bf98725af02d4b9ea6c47f
assets/minecraft/textures/item/recovery_compass_20.png,16,16,7e833d2ce6b6e9e8feef90b183c1969f63e2d9c1a66a0cadd16116181dd434ad
assets/minecraft/textures/item/recovery_compass_21.png,16,16,432e1c48446609c7c879a9a3865afdeaff7af3eeebd7100d3eefbecfa5f333c6
assets/minecraft/textures/item/recovery_compass_22.png,16,16,f673d745525b46e58a3bc40262298c67ae19e4b4e332c3af0c90bcfd083271b0
assets/minecraft/textures/item/recovery_compass_23.png,16,16,8e8aec103415c2539e514c01f157f0f391611d08acd6d190270df5dbdbd9c8f2
assets/minecraft/textures/item/recovery_compass_24.png,16,16,8d88c9cf079a44aafd6b82d846da40f79a74b41a5985afadcb2483831165bcc0
assets/minecraft/textures/item/recovery_compass_25.png,16,16,8e8aec103415c2539e514c01f157f0f391611d08acd6d190270df5dbdbd9c8f2
assets/minecraft/textures/item/recovery_compass_26.png,16,16,43bf46f4791882630755c74d289765776d74a304614e3102df2bd7e8861546f3
assets/minecraft/textures/item/recovery_compass_27.png,16,16,26ad34109544a4154c35a1c00ba1bc79c566b161dbbed5c3785fa4d5670db48e
assets/minecraft/textures/item/recovery_compass_28.png,16,16,26ad34109544a4154c35a1c00ba1bc79c566b161dbbed5c3785fa4d5670db48e
assets/minecraft/textures/item/recovery_compass_29.png,16,16,533fea4cd70073be4da5e621c959a846c1d23677d49c688997189d65262e743d
assets/minecraft/textures/item/recovery_compass_30.png,16,16,991e9e548ba4be1ecbbd4739f56ec7510e6f3e3dccd8cdff88558f975d4bc2c8
assets/minecraft/textures/item/recovery_compass_31.png,16,16,e9f81eb912199d6b4b3dfc89cdb41d4837a1f57e10d0c9b3a4027d11215413ac
assets/minecraft/textures/item/red_candle.png,16,16,93e4d1a673221862b27412d45ca898b72b4bd83ea2098431d4891f5b2020206e
assets/minecraft/textures/item/red_dye.png,16,16,2354b8ef13ce05b8ce69530490abc757a4bddc0ae504eb0e5a0f0bf030d546a8
assets/minecraft/textures/item/redstone.png,16,16,b8e3f44e86514f1b215db01cbb560ebb51afa003b7b376c7cde58e08ff4845cd
assets/minecraft/textures/item/repeater.png,16,16,4b138d411ece0cf321b655dd93ae6584a60249d7bb1294884072bc38eee0a531
assets/minecraft/textures/item/rib_armor_trim_smithing_template.png,16,16,adddbf3dfd7f929857d90920d676738f8260e4d030f5a10099cfdc5328d5e7ac
assets/minecraft/textures/item/rotten_flesh.png,16,16,d83d0bf7bba8d47a6385673e50a18126c1ffe682f2308358b0231be1aee970a2
assets/minecraft/textures/item/saddle.png,16,16,19a6e3b399c4a75a02caefbc5eb9abdc631082fdb66b70c5a4bdcfdcfe075714
assets/minecraft/textures/item/salmon.png,16,16,f841d55cfd55f26e5508f42753357576d77e70ef10f04e81f1cabaf3c9c39b21
assets/minecraft/textures/item/salmon_bucket.png,16,16,a5ea1647f855098bab911c88b7b8337b183d683305a728b067fad16bc3b3efb4
assets/minecraft/textures/item/scute.png,16,16,275d1687a34a26c4481dda54f10436745197d6465ee10faab648daff88abb7c9
assets/minecraft/textures/item/sea_pickle.png,16,16,5f5a681758744d1e470d131bcea881061f8169ebffb131a5e95c33fc261def3a
assets/minecraft/textures/item/seagrass.png,16,16,bbde8942b37837b49a6b9b27ee9f4eddbafbc6e63acfd4235004a9e4a4c905ae
assets/minecraft/textures/item/sentry_armor_trim_smithing_template.png,16,16,49b68615b4175f73db9a57ecae6cb3c80269a153ef9d3916f4f395123fa74d63
assets/minecraft/textures/item/shaper_armor_trim_smithing_template.png,16,16,28744c48f279f71a20bd8680acfec20c4eec29baeaa4bf5ec535070aaae7dd37
assets/minecraft/textures/item/sheaf_pottery_sherd.png,16,16,92c1cc09577ba944d15ae3e23582a03a0df7d3194f373813a93629d57cbdcec9
assets/minecraft/textures/item/shears.png,16,16,5297ebd3d3e1e6cdf874e76fd498b0495878fb085f630de55a4dc19f21eec15c
assets/minecraft/textures/item/shelter_pottery_sherd.png,16,16,5c9e2270365c6d58e540558892f794aaa408ed5aa73215b2b3c6093303497c51
assets/minecraft/textures/item/shulker_shell.png,16,16,ca61735bfbf23c034dadbbe1084247a537dff99c32762fbae364f0f78a03c6db
assets/minecraft/textures/item/silence_armor_trim_smithing_template.png,16,16,f09afaf40ff0a6a6fbfdc91ab9b92a4151c966e22b8befb9405605f135546320
assets/minecraft/textures/item/skull_banner_pattern.png,16,16,624275c8d974c76b26ff29bc6e84262086c16b87c8c23bc3d02a0d725ef86b03
assets/minecraft/textures/item/skull_pottery_sherd.png,16,16,be9eb16f7fc216d448aec4dea15a95df1e54de93ab843e9538d233fe3cc935c3
assets/minecraft/textures/item/slime_ball.png,16,16,3b2fcb5f37d4040be55590014f3ce16ef4aa3d4e826b27fb4632adc2cb886345
assets/minecraft/textures/item/sniffer_egg.png,16,16,eff94a43ff9c6122cea6c1ff4c756c37cb136a675f2903125706c08742750080
assets/minecraft/textures/item/snort_pottery_sherd.png,16,16,bdee6b567870d0e923d686d3d95b3736ce39e1d840a33a80e4115ebc1e79f885
assets/minecraft/textures/item/snout_armor_trim_smithing_template.png,16,16,d39033cde2cf5c7f59d50a488c35b52773739daa9439c3d085b8f3a258dd5211
assets/minecraft/textures/item/snowball.png,16,16,761b3a42fb22f7e2f2dfe17c2b7a79cf32a1febe5cf6b695e031897455e7d719
assets/minecraft/textures/item/soul_campfire.png,16,16,ba2e494c6ff75cb2cb2c6236fdbe0259afa46138f64af24defb5f72bf869fff7
assets/minecraft/textures/item/soul_lantern.png,16,16,2682042ace8c62c4d25ce8fcc3fd0d10d6e6fd31f79bff9ac70469bf81b82393
assets/minecraft/textures/item/spawn_egg.png,16,16,76ff90294ffe808f1f2d96ca903cc44f747e8845b688c86cc31b2ff745a04441
assets/minecraft/textures/item/spawn_egg_overlay.png,16,16,df0075d5081a1f49f0f4de1e1f004764446ecb3233416f7cd027c58823190747
assets/minecraft/textures/item/spectral_arrow.png,16,16,53810b7511fea4f4e317bb0a3f146863edefc8fa1f1812afd3801c0863eac21f
assets/minecraft/textures/item/spider_eye.png,16,16,d499849330581ec013e2b83e5c89e628f71ec2987d1363611a7810e4ec459a06
assets/minecraft/textures/item/spire_armor_trim_smithing_template.png,16,16,bbc973103fcc6f4b97cd46a154f36d4c7668b7e085e5b55fbb3e9c5a2fbafe48
assets/minecraft/textures/item/splash_potion.png,16,16,08d9ddee495bb4a042a1a2c8a743cb51e2758116a1d784650863a9fb31532ba4
assets/minecraft/textures/item/spruce_boat.png,16,16,ae06506e0546cf470b75c427dbe946a301eff88191c87677385997a239dd1f90
assets/minecraft/textures/item/spruce_chest_boat.png,16,16,f6db3532e8106d95642a21746b9499f7beeaa3d8d768c3aeae404b1dc3e36869
assets/minecraft/textures/item/spruce_door.png,16,16,78d18e131005cff7ef1f080fb6a85808603f0b62e486dfbdd6d499fe76ac8fae
assets/minecraft/textures/item/spruce_hanging_sign.png,16,16,400ff126b53910be8980a74bd3ec1a9b8276096b70c571d7ad9535590915b45d
assets/minecraft/textures/item/spruce_sign.png,16,16,a71cb9687496c14c58800b30fd20c8c24c3ce9c40514081108cdcf4366d837d2
assets/minecraft/textures/item/spyglass.png,16,16,dbd79fe07d2221385b200ddd596e7072950d55d5df02b7d2f8d575f5cf46200c
assets/minecraft/textures/item/spyglass_model.png,16,16,ea13f6ca8eb8f96ab8879ee393c6d00581b6b54731b0163054ac1f9e321e6fe9
assets/minecraft/textures/item/stick.png,16,16,2b5a6b7202fcd3a45663ccf249fe87de076e8c735e0b6ab8a3bf2a812332b4ff
assets/minecraft/textures/item/stone_axe.png,16,16,c60487087b81fa378a0d0c1e0544ec16e0a07eb1b39bb4343cd82d609bbcc5a3
assets/minecraft/textures/item/stone_hoe.png,16,16,b21d1d583fd313b4886c511c423dd20a52b1a6884f4afdca74c4dd45257fd731
assets/minecraft/textures/item/stone_pickaxe.png,16,16,763604e8e9cfec00ff0bbb3d9ebc622ac384f241803a012f0b83079cea637d10
assets/minecraft/textures/item/stone_shovel.png,16,16,9103e4f0cb21eda73b84435ad8b481605f15a0a7b01c234885bf1776643de9ed
assets/minecraft/textures/item/stone_sword.png,16,16,c95ae0782f408e32020dd53562c5ce9f4d2322dc8bf99ab6fbb5e6096fbae280
assets/minecraft/textures/item/string.png,16,16,e38d2e59056f8af400412309204c154b8e41e521f0df65dd5448f8279539cf63
assets/minecraft/textures/item/structure_void.png,16,16,d2e18d74df744fd5f0e9e47bed6d216c232a3f0d9bf2fbb7b772250fad76a8b3
assets/minecraft/textures/item/sugar.png,16,16,978323ef2f75967c503f533cd55fcac6a2733cb2c2f9d19857c6a49bb4a1c4c6
assets/minecraft/textures/item/sugar_cane.png,16,16,669afe52f389ffcd8178829ef42b5f1151eee917430292b9914281018d4875ab
assets/minecraft/textures/item/suspicious_stew.png,16,16,37341eee562a1f12d37115ba962e5b146eeb1ec36eb643cdd6345ee6bc50c6ce
assets/minecraft/textures/item/sweet_berries.png,16,16,a5158f99d824dbc77297131e385c154921fc2ba08c33aad016a936456de23adf
assets/minecraft/textures/item/tadpole_bucket.png,16,16,537a6ea2927956aa2e108b3dc790512e4af3c6decd4bbd12ed8dd77f71f9e0ab
assets/minecraft/textures/item/tide_armor_trim_smithing_template.png,16,16,a6c49a1da510800688e4657f8aad2239ff51d7f0b828fc4b5c35ea01298ccc21
assets/minecraft/textures/item/tipped_arrow_base.png,16,16,351ce843de15f759bd30f62de7843b100db113bee7ea97a697e0c4f02d87e0f3
assets/minecraft/textures/item/tipped_arrow_head.png,16,16,848f5d47558cf681b17133bc98ee82ad0d4a620bd18206b2d21ecff084248e8b
assets/minecraft/textures/item/tnt_minecart.png,16,16,6c8cf39c7461a2aaad6c3c3179b63599a74b5915f6c1ea7e3abe92199891b947
assets/minecraft/textures/item/torchflower_seeds.png,16,16,1d06d1d5b3dd2ba2ce3ed0f4a6e364e662c6d1094b55899b4afb0c92888efcff
assets/minecraft/textures/item/totem_of_undying.png,16,16,1ed283d4a895c812b6aa74c24ea917765f112749338a3d6f5a77ec2cd7725c0a
assets/minecraft/textures/item/trident.png,16,16,2bb1397727939c03c0c5c87307e91b41246e8ffd1b0ceddd73c7cc40bb9cf19d
assets/minecraft/textures/item/tropical_fish.png,16,16,4a3e4a537d5ab774f35d13f573233b2750695d20434f513bf58411ba99699e03
assets/minecraft/textures/item/tropical_fish_bucket.png,16,16,b5d87631e4544982d754d25415c5fd12b3053ad9f21a32fdb56bbfbae2857df2
assets/minecraft/textures/item/turtle_egg.png,16,16,b287d77967b3c664cf37618f83f3c699bd7e6c5cc5809534fbb195bb2ddd66f3
assets/minecraft/textures/item/turtle_helmet.png,16,16,0e178a0c477e486bbca03a202d2c0e14ce8c3881cecc7626c73fda2d3d92d902
assets/minecraft/textures/item/vex_armor_trim_smithing_template.png,16,16,ecc9fb25a3092ea112c0f5edafbb2f71c92dc4598ab5c4798e7eaf781cfc5d73
assets/minecraft/textures/item/ward_armor_trim_smithing_template.png,16,16,fb142138b01ab74ffca90062456efb696c4a0f1133898ff668cf20d5d1c567fb
assets/minecraft/textures/item/warped_door.png,16,16,e7655190d91f58d6303daed2f2312bd867b55b02200080c05011ea705ada23f6
assets/minecraft/textures/item/warped_fungus_on_a_stick.png,16,16,5f7b33ca8abe4c2eb1bac4cb063c21a1dfa04f179c7cae3eec2752c37db8c731
assets/minecraft/textures/item/warped_hanging_sign.png,16,16,866e427c401a5a761f68345f06e3fca56785586e0a2f49f3c50e38d6be6e5ed3
assets/minecraft/textures/item/warped_sign.png,16,16,3f1e878ff3209f52564710f1305a786057080d6f035ae0d4df4c3709e6a1e9d5
assets/minecraft/textures/item/water_bucket.png,16,16,6e69a3f9319fc09a946a5e688d4e76781e3b0aaf9d4984589a52226f6d6dba55
assets/minecraft/textures/item/wayfinder_armor_trim_smithing_template.png,16,16,30b75aa6b33e8c7e8407893be02d028f9f70e6de910dd189fdeefcd2d3b58c68
assets/minecraft/textures/item/wheat.png,16,16,838cdc9c83ee91b4db431d8265255b0c6fe2c21f745b7e25a37d48a5bdf3f7a2
assets/minecraft/textures/item/wheat_seeds.png,16,16,3239486bef9ea883e438c068cb97c24f1a38924b54b3c2e6209f792fc222c8d3
assets/minecraft/textures/item/white_candle.png,16,16,c7d0fa92cab3162d55abc76ff6c3fe2c0fe73b7c35326fd69fce7287be25251d
assets/minecraft/textures/item/white_dye.png,16,16,45c69d57d8242e66573525048ef0386d44286bd804103c5052a55bdf35a50c5c
assets/minecraft/textures/item/wild_armor_trim_smithing_template.png,16,16,be8ff7cd3a21b04133e80dfecd26cf0f14e4e02b0083f91703d432c3e0666cc6
assets/minecraft/textures/item/wooden_axe.png,16,16,874fcb72996a8da534e28687de1f5aecf42c3fc44bb25f0da76cbfec0e9faa9e
assets/minecraft/textures/item/wooden_hoe.png,16,16,04e90fae0acddfecbe6563d27615fe368a0ed69e94f6974674cc1b8e9fb2a0c5
assets/minecraft/textures/item/wooden_pickaxe.png,16,16,9448d9e28e6e21ca3514caeab4b40648468dbb5850cf701bf2c7e6b0968cc30d
assets/minecraft/textures/item/wooden_shovel.png,16,16,224aaee15532a88fde2589b749efe503009cbc57509303d6a1e5ce04922932bd
assets/minecraft/textures/item/wooden_sword.png,16,16,152e9fa85cb88befb9bc0c7ac635fec9e64d6cbd2d153f0e7713ac84017e3bd5
assets/minecraft/textures/item/writable_book.png,16,16,158c4b322044daefc59a8d48699e86b7b38d850329bb4197addc5a2a21109a6c
assets/minecraft/textures/item/written_book.png,16,16,13ee07c5b96cf56a5e76f26da14a0e6d6a0d43806658c0410673f14dba154139
assets/minecraft/textures/item/yellow_candle.png,16,16,b3a608e5b98e1ef149f18cf862b7ae56a794d3bbcf88a02ce1101d4a0bf0bdaf
assets/minecraft/textures/item/yellow_dye.png,16,16,1eec6112a7232d8afcd3423e6d150ce2ba4ea8d520e38a96c32a94c24eb4e55a
assets/minecraft/textures/map/map_background.png,64,64,14a3f8b71365de9459c332e29400b966b365ccc28517aae886f65b15b9f56955
assets/minecraft/textures/map/map_background_checkerboard.png,128,128,878ed6aedf0fe4cff3f21af564beeeadd4825e105757a7347191340c71237a96
assets/minecraft/textures/map/map_icons.png,128,128,687597fbee57bb1ea17179da7bcde2ac3b6957445e70dbb86633b8debcca22c5
assets/minecraft/textures/misc/enchanted_glint_entity.png,128,128,e7bfa1ae7dceaca98a36d08c36a59aa809097ae41298fcc3e52760e5580c69ce
assets/minecraft/textures/misc/enchanted_glint_item.png,128,128,275e5fec435352827b4719d05e0fb07889285d892f07f77a71271dce4b631a81
assets/minecraft/textures/misc/forcefield.png,16,16,20c1e65e8d8c7bb3791eb2f1908b9997c8d6cf7a6ab88214a6d62385172d790d
assets/minecraft/textures/misc/nausea.png,256,256,84a1467bcb2fc5bf1cba8783d6900f05434cb76f85af29800b9393fc95197ef2
assets/minecraft/textures/misc/powder_snow_outline.png,256,256,53502eba0ac8fdbf1f0b665d1c9e808a08cc94efb0053f270b8c86d74ef6ae59
assets/minecraft/textures/misc/pumpkinblur.png,256,256,1ba35105bdcaae7626eb2994114c03233b7154780e3d3ac4b74d722d7e75ab84
assets/minecraft/textures/misc/shadow.png,64,64,1234f9bfeda3ff6a3c5ad38ec6f118c46d7bd19bf3946c63ff3e4b1f85a454ff
assets/minecraft/textures/misc/spyglass_scope.png,256,256,55b0aea6dcdce645b3f01ff83877b88f16402155f4ba54bced02aa6bdae528b9
assets/minecraft/textures/misc/underwater.png,16,16,e28a5df2d440ebb65aad1256d51eb3e98217edd26ad2114ed6977309d80e5b78
assets/minecraft/textures/misc/unknown_pack.png,128,128,985067021266d01edb0528c44527b191b999328462347bc3914e0019e6b1f99c
assets/minecraft/textures/misc/unknown_server.png,128,128,c871a9945d12486b827067c8141ee86b3ea9cf34fe3c6d0ee3a2976f2b96c742
assets/minecraft/textures/misc/vignette.png,256,256,2a31a85fd2db27f54b52a6debb215457dc2fa57ec86660882297c9531e4e0293
assets/minecraft/textures/misc/white.png,4,4,0fb583ef5e9bc5f7c34eda27bf08a3cce0a95581f4a3ad74b24d5b4c2c136ac4
assets/minecraft/textures/mob_effect/absorption.png,18,18,66bec8a385e6bc1ec13c8c70edcf726978f23ed6b785e3ebef768ea60fc14dc6
assets/minecraft/textures/mob_effect/bad_omen.png,18,18,520de52db5873240488ebf60cc32d391528773d53c9bab7b18ce6029c0794e99
assets/minecraft/textures/mob_effect/blindness.png,18,18,710231af41145fe5637bad43b44d35e3586116f37af350220bb403b74b32e951
assets/minecraft/textures/mob_effect/conduit_power.png,18,18,db7e039dbcfe93aed79043bb301a97fe8c19927216700097dc42e56794f430bf
assets/minecraft/textures/mob_effect/darkness.png,18,18,509e860a6df7d2f35da4565f63a7855b4ee596254a8efc8d102bc0bbcb113104
assets/minecraft/textures/mob_effect/dolphins_grace.png,18,18,7769a1c1b3b88df0d3bce3dc1bebbab2c168cc7c136708ff47fcab692596d155
assets/minecraft/textures/mob_effect/fire_resistance.png,18,18,f1f36319fa67a0da79be1a095d5fa977a8cb1cee7bd9a241e7691f160e212197
assets/minecraft/textures/mob_effect/glowing.png,18,18,6cd6ccf2d1d8be3e7e9a207184af2ac45f5f5ec45109cce87062ec70aa010c21
assets/minecraft/textures/mob_effect/haste.png,18,18,d51607e9167de0afce2e8ebf16b2aee3a5ca5b62f813e03f50678e0c4de6456e
assets/minecraft/textures/mob_effect/health_boost.png,18,18,3be3ed9a820ad4a793bba8fd9c0d54f822939e06c2745e360a6d265a2cee2e00
assets/minecraft/textures/mob_effect/hero_of_the_village.png,18,18,24e9387cdbaa151bc839ad78c509b4c0830bd52a486e86925a0c25dd3227b18e
assets/minecraft/textures/mob_effect/hunger.png,18,18,c8a43881c8a0a571354bdfab4b67b2f2791ca9d39119ecc8e634cdecfc1c059d
assets/minecraft/textures/mob_effect/instant_damage.png,18,18,fd315b4ac7b03eab34e505c35b64d539334f67f6591c58e2c0f048a339ddab95
assets/minecraft/textures/mob_effect/instant_health.png,18,18,b5eae45e29df37b7439f2aebfe9c70c157b73a4d10e4cbd56dec0e2e6fb21c55
assets/minecraft/textures/mob_effect/invisibility.png,18,18,030bd25475b50dc27ffbb6946533b0ad7912332841b4e5c13dfbabd75627fbf6
assets/minecraft/textures/mob_effect/jump_boost.png,18,18,3f68d674815a281eccb9049ef6af6b3da499379edcb2aef349aa7fdaaff1aeec
assets/minecraft/textures/mob_effect/levitation.png,18,18,161483523ecd1a5f51fb49135cc196658337dfe0f81c2129471024e5de113f5b
assets/minecraft/textures/mob_effect/luck.png,18,18,f4768db36e9d9c9aa5245ee8d24473e99ddb9f5a7e3408a1d78793b0c36e451a
assets/minecraft/textures/mob_effect/mining_fatigue.png,18,18,c0f7f7864c3a56cb815eeb5632c886b6f1e8b2ca952341f3585483bd1dc8250a
assets/minecraft/textures/mob_effect/nausea.png,18,18,b4bd529e0a3330a3565f3e3cfad68c7bcf34475f632b1a2e1cdf7ab6adba25cf
assets/minecraft/textures/mob_effect/night_vision.png,18,18,1becf03263afbea3aa8615f9bdba5af86f8e73577c430e8a25d6c4fcbfc9d0b3
assets/minecraft/textures/mob_effect/poison.png,18,18,9645e52d3ba82d4aea34eb57e6852a0c1d54478b3ef2c28e9670408f55c268e4
assets/minecraft/textures/mob_effect/regeneration.png,18,18,819a07f45fb2ff73ab931c22fddde150939893da23d90c31e333de7738397151
assets/minecraft/textures/mob_effect/resistance.png,18,18,84f6c23db4324a14552986e9ad2e47aae00b8480dabdaf08f45746d7bf9be8f6
assets/minecraft/textures/mob_effect/saturation.png,18,18,206c85aaa2e09d920be2146be124af067d1c5e1b491030dca6afc2c89c2504c0
assets/minecraft/textures/mob_effect/slow_falling.png,18,18,6746da9162b794204304b314cffdf58a565d182e16d2b98b0b39e6bb1d35004a
assets/minecraft/textures/mob_effect/slowness.png,18,18,bd9c8f1ec5344478bbbe15ce7bcd4edda2203d6f1cea70bd6fe04bd2c56edb67
assets/minecraft/textures/mob_effect/speed.png,18,18,b8055bbb0a1cc9fa375868d6b2dfb89f32e6ded5191f4cb0b3bdd35377ddb7b1
assets/minecraft/textures/mob_effect/strength.png,18,18,2c9b7f5142bf648dc6a556e0297a250dd3704fa558b7f6b308ec8cff8180fc50
assets/minecraft/textures/mob_effect/unluck.png,18,18,76238c3dd20499d96af0b84e90a3eb5e9026b74b617cc167c01bf5eaa00e5ad5
assets/minecraft/textures/mob_effect/water_breathing.png,18,18,aca71bb909882ea11faeaf2c89713efc0b2ef446ac0eca7d237dd54a1aaba5be
assets/minecraft/textures/mob_effect/weakness.png,18,18,7455687b36162839ed96867d631dd5a85e267e13b585de7bebe2be0948248f64
assets/minecraft/textures/mob_effect/wither.png,18,18,c19851eec31e86d6cf05fcae91101580ad189c9dcf0582d77ac3680458f5e1ad
assets/minecraft/textures/models/armor/chainmail_layer_1.png,64,32,cb7952362741c53c7dfdb1ca6ffe2cac0eb7dd97a6526a0fe44077ba7bd146cf
assets/minecraft/textures/models/armor/chainmail_layer_2.png,64,32,709ba5c21f597b37235e61cfaf741b1b0a5c29dfed102debb43a70cfde81a26a
assets/minecraft/textures/models/armor/diamond_layer_1.png,64,32,967f7080c0a9fa963684710e72f231abdb6356af294f487efd4366abfb2be28b
assets/minecraft/textures/models/armor/diamond_layer_2.png,64,32,da4b654bd276a0c975e092d037c24136cee03139fb63116dcc4c11705ae3ed07
assets/minecraft/textures/models/armor/gold_layer_1.png,64,32,8de56f77070e79e0b31983852835ad7d3e766c7521f14008a84feb2365e3dbf6
assets/minecraft/textures/models/armor/gold_layer_2.png,64,32,548ff2116abd89caedf85e18e86dcce10f0c633735cee0bd333082cd3a9493a8
assets/minecraft/textures/models/armor/iron_layer_1.png,64,32,b47c7aec22247e30f2a1a0e570c490d58915aa7f1133a8b35be6cf39e65cce53
assets/minecraft/textures/models/armor/iron_layer_2.png,64,32,677f9481319b47bf58685017e437e0aba1047e5b1ca339ba95c7c65a15a993be
assets/minecraft/textures/models/armor/leather_layer_1.png,64,32,cf1297aa5a4812c88bf8e707c057c3d3a0dcf97535b5a51afe17b48c1e1959c4
assets/minecraft/textures/models/armor/leather_layer_1_overlay.png,64,32,78cb32010d96b6089918d060a7e7174de951e6f2facb4ba8ac689e85aa593de3
assets/minecraft/textures/models/armor/leather_layer_2.png,64,32,4dcf4c820402b04a1983eabc58a8a18abd8bd9d9fb6f4b9152b22f025090621a
assets/minecraft/textures/models/armor/leather_layer_2_overlay.png,64,32,0ca3517ee2bdf484b5dd6b82bc28caaa4eac81f6b884a5d6985f8cebb0b05cb7
assets/minecraft/textures/models/armor/netherite_layer_1.png,64,32,1ad07847f1d545f9d131c239c855b6e6144d8fd8ce24a91af28d284e59cf557a
assets/minecraft/textures/models/armor/netherite_layer_2.png,64,32,3d06c32921702d8da7a05fcb87b8dfdf07117158296763122bfba2a2083db34e
assets/minecraft/textures/models/armor/turtle_layer_1.png,64,32,8316234996b0f116d6720e2b204a8101f55428193bab57bfc06657ff1d4798d1
assets/minecraft/textures/painting/alban.png,16,16,d51c8975962d5e242d1b214db434924faced35e1546dbb367a9a27e0668fdc59
assets/minecraft/textures/painting/aztec.png,16,16,649cc5784e693406f99bef3484f8a84713b2c3e5764f1a78cc9b20e56242e634
assets/minecraft/textures/painting/aztec2.png,16,16,9b46e7c729b05f96609b830b2a7f524223b54b5e0fb20ffdc9bc4e94bd9fba05
assets/minecraft/textures/painting/back.png,16,16,48795d224e5e613d052e0b89bbfaf8a80831c32a3b2e62f3aa1df881148d1eae
assets/minecraft/textures/painting/bomb.png,16,16,beaa4cb8ddf6fa35291cda154469b891b82b989d351358fa85ca25cf59c993ff
assets/minecraft/textures/painting/burning_skull.png,64,64,1eabc60af9ec5cf698370331a44d36e37a4dfca9fc40def093e6108de4a554c3
assets/minecraft/textures/painting/bust.png,32,32,a23ffc2ea642d31c7cd5ae8c7d7e4c5596d21956ff5b4dd7d503f24bf9491919
assets/minecraft/textures/painting/courbet.png,32,16,196e737b6cf0c2e6c07438e50463c6ca044b9f9da2f7eb12bc434f7dd5e00205
assets/minecraft/textures/painting/creebet.png,32,16,f848a29c99aea833357abe7f46eac206899f976f2b780ede6929d24ac33f69fe
assets/minecraft/textures/painting/donkey_kong.png,64,48,85688e3a267c62735df29e18a73565127a817b99c1a993d66d56cc7669a10be0
assets/minecraft/textures/painting/earth.png,32,32,379b5753288691008bde27b11b14c3c13172dabbe6dc3033922a85cae6ef697d
assets/minecraft/textures/painting/fighters.png,64,32,1d15e35b3c8dce52a5dbeda45705b91b8d2628e50a22d6b4249b39a3140d2da9
assets/minecraft/textures/painting/fire.png,32,32,dc3f28e1b2bfdbf44094967361f3eb3261f13ef988585b3b421414b65982db4b
assets/minecraft/textures/painting/graham.png,16,32,43b4dee18d3b8aa8bd1c845f00d27787ba19b74786f987a2cca76a06d3c35f62
assets/minecraft/textures/painting/kebab.png,16,16,c12fb6d5767fc545b43a5adca103a0e0374260bc7e62a403fb66235ec6825f93
assets/minecraft/textures/painting/match.png,32,32,c6e7122e1bda009aa4d75238eb4d67f8d8eeedc76f32240f419086ccbff79f32
assets/minecraft/textures/painting/pigscene.png,64,64,9c6177a026357fc05c1e46a45285e4e76210ce4b08c1549b10aca1ebb5e4c360
assets/minecraft/textures/painting/plant.png,16,16,1498ce654b314a37d398b5e165066ec2ba29de601e9586ddce38fa7e4294f86c
assets/minecraft/textures/painting/pointer.png,64,64,5fb0a4f280f47738bd6740b388bd552f137c9928957e6b0db119f6fa239295dd
assets/minecraft/textures/painting/pool.png,32,16,826317f8babfcb363292769b63696a8fa381befc306386f2ba9bc20728d5da7f
assets/minecraft/textures/painting/sea.png,32,16,1450a8346c77b2eca62cdc15c33d8ea87554bc05733608f80c2c6b02bd00f534
assets/minecraft/textures/painting/skeleton.png,64,48,cb497c891075f2cce0ec8b274a81b81059181e103e32630e2edfb4e0f2c0b01c
assets/minecraft/textures/painting/skull_and_roses.png,32,32,501371484040ba950a7d1d8f1bd6cda7d8b4b458ddba56d0ff36d36131b212e1
assets/minecraft/textures/painting/stage.png,32,32,a990e76c86cc27f78cceff48264c3954bbf7d7a916ed211287c88edb903bbae6
assets/minecraft/textures/painting/sunset.png,32,16,fd0f193f3fd20be965041f833d112bafe3e4da9eb2a078ced5db3a5ca9612847
assets/minecraft/textures/painting/void.png,32,32,50301bb9326f116ca0b3b8cd987cab1ecd7a26a64baf5cef22bd90907c3a7efd
assets/minecraft/textures/painting/wanderer.png,16,32,f181e50520a1e5b8ec6abf024eb64319f33fe5b5daa3964f3f12cef4b8e84d3e
assets/minecraft/textures/painting/wasteland.png,16,16,e311293c4ffa1c003f342131fbd1994a6aac496895ae210033877c8d54f4cc0f
assets/minecraft/textures/painting/water.png,32,32,32bf1e93a192d414a92d027664d3bf223643a50725ac1064f976126b7d50e6a5
assets/minecraft/textures/painting/wind.png,32,32,9b46942ccee42f9aa8275767bcfb3bdb04ca59a953293afa789125fc1742169c
assets/minecraft/textures/painting/wither.png,32,32,4025ae0d40ec1b3a8cc193022e91c6780bcc84e9515817bad08dbdebeefcbc61
assets/minecraft/textures/particle/angry.png,8,8,178041655f42c21c42b3064903a53a9a5ad14cd3f698ed03c2eea6f0485517ca
assets/minecraft/textures/particle/big_smoke_0.png,16,16,63aa3ca69541f98a80ab52284cff1839a4025898ee6c6a79687a8522eb545fa0
assets/minecraft/textures/particle/big_smoke_1.png,16,16,66e43f74db404ff7db316e794caa97a64bd7447863f00887b7dd5008dd346480
assets/minecraft/textures/particle/big_smoke_10.png,16,16,2eaab256e7d7d3a7816a7c3467fbe701312f8334a8f69495bd45bd584f844b1e
assets/minecraft/textures/particle/big_smoke_11.png,16,16,98df52dd16724172fdc57fef18106830ef6d01a69513ba68d4f94ba140c71945
assets/minecraft/textures/particle/big_smoke_2.png,16,16,9f14a46ce2f9a3e938e1bef006513a402531b3b2ba0d727d559e92ba55f5529d
assets/minecraft/textures/particle/big_smoke_3.png,16,16,3f1bf87ecbe64f0070d6646e9a94d503fecd17b638f5e0563177c7d98d869b7e
assets/minecraft/textures/particle/big_smoke_4.png,16,16,5c8613d461f91d9d074c35a57a00a1d37099234c0d1de190e5a6c50fa8bb3826
assets/minecraft/textures/particle/big_smoke_5.png,16,16,c61c99fcb52b54571b6c73536d1d6fea447787c1c822e978c5991f3dae8fd797
assets/minecraft/textures/particle/big_smoke_6.png,16,16,d757430731e372d7f0c9a274b84139ec4684e006dc1e9f193fe5d3fc1ce30d0c
assets/minecraft/textures/particle/big_smoke_7.png,16,16,cc3fc083299f89a05140958de771935052ac49ec21512da7c7ea1ffb67b9c422
assets/minecraft/textures/particle/big_smoke_8.png,16,16,79ebe613aa4b06cbe1248ae9cbedcc1e3cf77ceda185d0e07f389cfbf7f06929
assets/minecraft/textures/particle/big_smoke_9.png,16,16,3acc7952070efc26aa5579230dea1856e5fe9ab6e753a58f5341d4f79b7fd9b5
assets/minecraft/textures/particle/bubble.png,8,8,2b8ac350d8fe08c8ba8c9293fc3ba4b8bc7524f00ea4ba31c9498ab43347e499
assets/minecraft/textures/particle/bubble_pop_0.png,16,16,3b0bf85d792dc17e3b8e5b7cb7eccfd63653d383563af0aa44d591d68138f886
assets/minecraft/textures/particle/bubble_pop_1.png,16,16,a3b345abae270d12a6034750703d1bf5d4aa02156ad1381cc6bfa5cf9f4b596e
assets/minecraft/textures/particle/bubble_pop_2.png,16,16,1fbac21e24eef44e507747e840c9877f78d30679ae93ea834163e814f3e9ac68
assets/minecraft/textures/particle/bubble_pop_3.png,16,16,825c0fe3df9ee4c85662927b74710e8d6e1913914226438e37b0cfbad87dcdc7
assets/minecraft/textures/particle/bubble_pop_4.png,16,16,544b65053fa66e04d4299083245012fbf4e26328e38d77e54cc63fa20dafb052
assets/minecraft/textures/particle/cherry_0.png,3,3,b9dba5a1bd1a4e86ac36e4bb687e7bc7dc4582fb87b747256f40b7eae856a9f5
assets/minecraft/textures/particle/cherry_1.png,3,3,3210b2573915398ba4aec95934b7491afb62912e5eeb7f270c93ad8baec35b67
assets/minecraft/textures/particle/cherry_10.png,3,3,fc7fb42efc1636f4d87f84b4a801890e44a50f2e9f53d5edfbe46e979781c2f8
assets/minecraft/textures/particle/cherry_11.png,3,3,a33c92555928b7382efa5b0c556fa6b82d2321d0fcc640a77026fea089bb4e6f
assets/minecraft/textures/particle/cherry_2.png,3,3,427fa0537c03a79930def495cf92e37a2d47df52d93740b8640c926c6d1cf339
assets/minecraft/textures/particle/cherry_3.png,3,3,ec9caa19b5c76ee59cff917dfd6b95a63bcba505823ddc9c07b61e48e14533c0
assets/minecraft/textures/particle/cherry_4.png,3,3,f7069e8a780fe2b97774624a3db1c5ca2a1d88bc0e747b2baf1d9b4031205bbb
assets/minecraft/textures/particle/cherry_5.png,3,3,c30e437364b20cb27f3d1377c9064ab6744afa809c18d5db44ca03eef698f737
assets/minecraft/textures/particle/cherry_6.png,3,3,257ca9093556d9000cc64cadc7ba0ee750adc01fd46e1e635559cdea4ea1e0a9
assets/minecraft/textures/particle/cherry_7.png,3,3,19e6c6fece06fc9853498b2de783256217f5d019219cf7fdb2445bb149e28cec
assets/minecraft/textures/particle/cherry_8.png,3,3,0c7b00b50bbca92e2c21473c7652411b73c0fc6e9162dfb1f1f48397f3d36506
assets/minecraft/textures/particle/cherry_9.png,3,3,f247a9878ce2937dcef8d1b566ac096a53756060bf77fe7a12f1759fb3af670e
assets/minecraft/textures/particle/critical_hit.png,8,8,a7c036fd1b4c73856e3a7d638b56c1cbd047a2b18c504923ad7d5ae07046d908
assets/minecraft/textures/particle/damage.png,8,8,b90f5b80b15144c2ccae58164635cca4dff02e2486df4d828081857fd0cc0157
assets/minecraft/textures/particle/drip_fall.png,8,8,62ad0fc080f6b4059e45950173530e0bb6264344da918af9492c297bc1f11422
assets/minecraft/textures/particle/drip_hang.png,8,8,682ae941f994a3aeceb86a31eb10fa8c86ff8c34eda0673a7625dfa9ab844449
assets/minecraft/textures/particle/drip_land.png,8,8,3b351a3c01efafa7d81b8a190225dc9d7961b5c531c54b63dc9721660195d094
assets/minecraft/textures/particle/effect_0.png,8,8,a9bbd25db737ad4baef6975fca3649fc12303cb0368e9fe899af8d271834be97
assets/minecraft/textures/particle/effect_1.png,8,8,307c20fdc95a336762179ed780495b952ccd2296885df5e3325e539f4e4369ff
assets/minecraft/textures/particle/effect_2.png,8,8,b62f4b6973b1448b89c873538811e34f109ba7b9b06b76cbcd3f5566e413bb47
assets/minecraft/textures/particle/effect_3.png,8,8,fbb82778517c7129bdeced7cc5a0fc7fc28b466cb11e75a006a0c391bff45589
assets/minecraft/textures/particle/effect_4.png,8,8,f2b2f70777a92867e56c5c340cc517fd2b71115d3bd4aa3a885ef2b56ae99e32
assets/minecraft/textures/particle/effect_5.png,8,8,3aba220472d6f3285241daf0605b4fae35a1f5f895d1b90a83decd0128273a50
assets/minecraft/textures/particle/effect_6.png,8,8,d2ae53914ad37cb62939a1f1fa26481028f5ff30c8d023e3346829bae037aa02
assets/minecraft/textures/particle/effect_7.png,8,8,8520ec5989b996551c1ba5dfb887307c5530457f7922f9f230332666c2f9bd69
assets/minecraft/textures/particle/enchanted_hit.png,8,8,d36bb0f1d537eadc3c572642a6c998cf350ddf41cb938b4f97a0f1f22105a6ba
assets/minecraft/textures/particle/explosion_0.png,32,32,14329e0d11d644f07d52698fe1116f5a26864a721f0d77e72d5b1f54a1c572b0
assets/minecraft/textures/particle/explosion_1.png,32,32,2eb32dfc320b85621a91cb6261cf10cce4d5d755a5b041240f525929d5f703db
assets/minecraft/textures/particle/explosion_10.png,32,32,e166b8ab4d3821dae540daaa8cfb073b44966a87383e26c64a8ca9750301468d
assets/minecraft/textures/particle/explosion_11.png,32,32,4be5b0241d6091fd8da22221173251811e9765813d55c39283ec65ffb5a512b4
assets/minecraft/textures/particle/explosion_12.png,32,32,1d4e5b567603e98f6770353fda86e4dad6eaeda60d9e6076fe9ac6927653d7d0
assets/minecraft/textures/particle/explosion_13.png,32,32,fa825b8fde64d40d5f64138f52468ce6369ee42870c1ea18f64bde74b5c3e273
assets/minecraft/textures/particle/explosion_14.png,32,32,89ab701df00d106141803f9f839a463d0023bf3aa9998ab4f74eaebecef9b6c8
assets/minecraft/textures/particle/explosion_15.png,32,32,94d0bbc38b84298316831ea5da745747699036261a57d354cefd9fe755289a19
assets/minecraft/textures/particle/explosion_2.png,32,32,d42e0e6a94af9411a401b31c9597e4c153e2946c46c97f30f9adec2718743e99
assets/minecraft/textures/particle/explosion_3.png,32,32,ee43ab4b41bd6846dae98cdaa8d5a2d922c67ac21d73b3395ae170019abaa440
assets/minecraft/textures/particle/explosion_4.png,32,32,2f2c74554f0b53f8a55af8503a58f74de671001799e6c06a20dd22f0f71c8bb5
assets/minecraft/textures/particle/explosion_5.png,32,32,d1884c413fdde7805d179edaf9c597a89afeb7603c6ba4e225361e129be2dd80
assets/minecraft/textures/particle/explosion_6.png,32,32,b6a40db64a88e925c10f3e36b38bbe40c06a1370ee3d09258455fa8c9af28b6c
assets/minecraft/textures/particle/explosion_7.png,32,32,b49d29f5234cf45891aa06a3323f62ef2b1df789c7648a8555bd2f900eaf0b78
assets/minecraft/textures/particle/explosion_8.png,32,32,88736321f6f3eb3a9bceb666d2bd41f764a276fec5ac16c38c480cf558b6989a
assets/minecraft/textures/particle/explosion_9.png,32,32,02df87565418792b91a4e93539870d4fa6c2d8f3a2d15b0caf79c216501f21c2
assets/minecraft/textures/particle/flame.png,8,8,2f2efacac134ce943d142d3a40e43f87e80e1e32d7137645bb1268618505e4a7
assets/minecraft/textures/particle/flash.png,32,32,6db2b97a3256b9fe9f49dc96f083a3465375eea99b3b5e353e5f9a40f81ed3e7
assets/minecraft/textures/particle/generic_0.png,8,8,24cb83c46e1ecf07afd5e15feb2b74c7b21c3c317cd2f8ab4f101d6dd3d2eb56
assets/minecraft/textures/particle/generic_1.png,8,8,c5f800e6cc398a4ba186db712f452ef6cdc6b9da2c3ea281663459f8834ce455
assets/minecraft/textures/particle/generic_2.png,8,8,b685389739d5add8d9240511f15b60e3365262c9e557b80fc3bf352dc30564a2
assets/minecraft/textures/particle/generic_3.png,8,8,0988037438acb1dab7e583e6e17dbdc0d47c51721d237ea628311fc7ae3e355a
assets/minecraft/textures/particle/generic_4.png,8,8,2cacbc3e1b3297b34997fdb46aa35bbc3597d4f1a608f7412aa843a22bfb4a28
assets/minecraft/textures/particle/generic_5.png,8,8,ea3bb652d7604349517ceb17061b0007578ff70f86e1adc5e823da767a315fcf
assets/minecraft/textures/particle/generic_6.png,8,8,1d0bce47b910d93d60de34deca732abeeea2dcdf0d2ed16bf8881f1f2ee92442
assets/minecraft/textures/particle/generic_7.png,8,8,13061b4f3ba4585d390ea6b37502e41a445ae6588d742d21f0afcd65e60d16b1
assets/minecraft/textures/particle/glint.png,8,8,20fb7225d8009a20f1ac9504beb8558f0a4500184bb763618f2ccf63ba839ce6
assets/minecraft/textures/particle/glitter_0.png,8,8,24cb83c46e1ecf07afd5e15feb2b74c7b21c3c317cd2f8ab4f101d6dd3d2eb56
assets/minecraft/textures/particle/glitter_1.png,8,8,f17bbd1d9228b4bac64d38da7ae61862a905cbf3de4f3cd6817d7abe98a4868b
assets/minecraft/textures/particle/glitter_2.png,8,8,30483d093069c5d64d33304967ecc0a0282dfd55b3984d1c3e26d5aec8498d82
assets/minecraft/textures/particle/glitter_3.png,8,8,149597debfac58e4f5dc1b2bbd99316fd8499063aa5b0318f81d30a851e4e6df
assets/minecraft/textures/particle/glitter_4.png,8,8,b40a1e4fdc9c252446ee700d579a22371a5a03d7014d356a5c7c3ff0165d42e5
assets/minecraft/textures/particle/glitter_5.png,8,8,4d43f83c26d7351ed0746e063fbb7f4f59e19ad2af953dbb0e0b3936120efeae
assets/minecraft/textures/particle/glitter_6.png,8,8,b40a1e4fdc9c252446ee700d579a22371a5a03d7014d356a5c7c3ff0165d42e5
assets/minecraft/textures/particle/glitter_7.png,8,8,4d43f83c26d7351ed0746e063fbb7f4f59e19ad2af953dbb0e0b3936120efeae
assets/minecraft/textures/particle/glow.png,8,8,56b6808c91a315236588f46aecb45abf8b47f472361db432b57df3bccdc45c7a
assets/minecraft/textures/particle/goldheart_0.png,8,7,24f9fd6b23a25af77db1fe1c9493fb178ac73258ce3cad80e8d83634c596c3ce
assets/minecraft/textures/particle/goldheart_1.png,8,7,3a1cdda6b5c844494f829a21395aa921e96bab0c636137a7e4cc11934cf083f3
assets/minecraft/textures/particle/goldheart_2.png,8,7,d52483be166b8f21151cc81e1662c894cd963df5b2ba86f26bc4ac327d32d07a
assets/minecraft/textures/particle/heart.png,8,8,351e76662421bfd9285429847568b93046cd26100acc3f53550c663234bbde7b
assets/minecraft/textures/particle/lava.png,8,8,2a01d0a53de286c7acb0417183c492424b278050687d4573d218226ad3b7392f
assets/minecraft/textures/particle/nautilus.png,8,8,9638a2628eb96e35a03327038fd2feec4f6c31114545d849c98473db2f73a29b
assets/minecraft/textures/particle/note.png,8,8,c27d235f5a4ece974a6bc7c95dd7ce3541ccd67963eb6df72cdba58217740e9f
assets/minecraft/textures/particle/sculk_charge_0.png,16,16,f614c40b647a6eaa962a922a9681d1b1474712df6b4521af2fe1cf9a755be82f
assets/minecraft/textures/particle/sculk_charge_1.png,16,16,b479f91a07b891ec8b0f3869b7415909c25bbe45a0eee8be0f9877609a88d9df
assets/minecraft/textures/particle/sculk_charge_2.png,16,16,c451e2ac8385936de799fb2c0e89282b07e131aa89bbd157811bd7396a04ed04
assets/minecraft/textures/particle/sculk_charge_3.png,16,16,5e352b7e274a65f4fea8d22e64cf250d1a6fd7f7e3cd5378739494abf72fb79d
assets/minecraft/textures/particle/sculk_charge_4.png,16,16,ad69076f0ce2cc9851c698ebf84f5e19352f2e6a438077955b2fb3baba0b405c
assets/minecraft/textures/particle/sculk_charge_5.png,16,16,1bf27e22cac6c564321a72693a20d98b1b82536e54499c9539fa59c8c4f6eca1
assets/minecraft/textures/particle/sculk_charge_6.png,16,16,12193e21b9c6ccf4cab486efd8d594b9962582b0d883d1e54c9e35775c0ca730
assets/minecraft/textures/particle/sculk_charge_pop_0.png,16,16,b402d3f68d6d1c0eb9ad943752f6a3fdff04528724553a2922d6a75796a15c9b
assets/minecraft/textures/particle/sculk_charge_pop_1.png,16,16,9a711c6c70af8e0131a08d461c7132cd5674a10dff52ba9a4dd508cd0e80a38d
assets/minecraft/textures/particle/sculk_charge_pop_2.png,16,16,25c865ff51c2dcd54b8d168b0f3637b1ed0178285645234c18b14de6b487ae6d
assets/minecraft/textures/particle/sculk_charge_pop_3.png,16,16,601ace46ca320a5a631b34a4830c29900a326e1ef799c26544a45dbefa9160fe
assets/minecraft/textures/particle/sculk_soul_0.png,16,16,121f86f05595132677c4442687e0753890c562efb83b6cbfec53643a8200630d
assets/minecraft/textures/particle/sculk_soul_1.png,16,16,d2db5db2ef2a2042d69813edb79345366b8a5325e8821b98685274ed1e06a784
assets/minecraft/textures/particle/sculk_soul_10.png,16,16,3e7fdc493967c0d12e5a0f58a37647eb0b155fe85b1e4e73961f8dd00a638507
assets/minecraft/textures/particle/sculk_soul_2.png,16,16,e0bda6838e186501dafdfc7da8f8fc729ad6c0a3a6c6cfbfe66e9bda7fcd9fc5
assets/minecraft/textures/particle/sculk_soul_3.png,16,16,ef1d5894e5fdddb1e7dc0de03f207c6e18fccbffdb4e4ee6f8671f94ebe35c3f
assets/minecraft/textures/particle/sculk_soul_4.png,16,16,cc63833ccf0b28618a35b5cf196e2c5e2d4ed65219a9b98646d29eefaff0b4b2
assets/minecraft/textures/particle/sculk_soul_5.png,16,16,8a91022784bc7e046959cafb534b4c572eb14a924abf4163957c8fe83d217b02
assets/minecraft/textures/particle/sculk_soul_6.png,16,16,7074e56113124e769580de01bc18ccedf18e40ae4f8990e01ef3cf592900d3c0
assets/minecraft/textures/particle/sculk_soul_7.png,16,16,1aed4081913a0e9a5bd98a7c2b7c4b1c5f2bf6a166e2670820d3659f8d4b9260
assets/minecraft/textures/particle/sculk_soul_8.png,16,16,b52f32d5e13925176fd8450a2f0c6cbd6d0932d04cf939ba4961532d6f37262e
assets/minecraft/textures/particle/sculk_soul_9.png,16,16,890242f4c6217e3cd55b601ecbc6b99c21eea0278803d61e1ff35d90a2db9962
assets/minecraft/textures/particle/sga_a.png,8,8,2131ba99951a14f5648c691dabdc0a947d932148be409315b0873d5c25bb2b74
assets/minecraft/textures/particle/sga_b.png,8,8,af12d8e3a1e6f79b2320ebe5c5182b65bf89fe23be51ae0fd9e5353cd857c360
assets/minecraft/textures/particle/sga_c.png,8,8,1d73a2b71146a3481c8857685d3528520e773c4e4a90afae01b520152c7ac5ff
assets/minecraft/textures/particle/sga_d.png,8,8,11aabc5f2a0ea1276d08fbf5cc4c0d642fb43d318ebaa4011656fb84401bce6d
assets/minecraft/textures/particle/sga_e.png,8,8,d2a5bcb6ef7b52d6898e3388f8cff3871232ae07349c49eeaaee8d80b8a4759c
assets/minecraft/textures/particle/sga_f.png,8,8,a2711ddc8798e2d89c485a599c5875d60f4291be791191363ed26eaa7b600c8e
assets/minecraft/textures/particle/sga_g.png,8,8,aca664933d84399e98291abbb7e257895ecca3818db42876c6d1d2493c984031
assets/minecraft/textures/particle/sga_h.png,8,8,0b14d78c9d7b11a7524eafbed28bfd4e37d99820c813cfd2aa2f6921c16c66f3
assets/minecraft/textures/particle/sga_i.png,8,8,8e357b1d0fd2be9b1006f35545873811689f197a227ad926e295c14a04da759c
assets/minecraft/textures/particle/sga_j.png,8,8,c8a9a99ee684bfc16ab940e2b59ec032b040c775b8cee69eee35c6fd53fc44d3
assets/minecraft/textures/particle/sga_k.png,8,8,7a83db633fb0807dc3f053078d4354033d7b09c839290071797d7b71be39fd72
assets/minecraft/textures/particle/sga_l.png,8,8,0193bb83a0c87989dd14124ff4721fe05e11f2f75f7048f81ef2d7a7d752e7c7
assets/minecraft/textures/particle/sga_m.png,8,8,6c8ea682eedc3eeb489884817913cdd8f2efa6c9d534a345cb0723649571aeeb
assets/minecraft/textures/particle/sga_n.png,8,8,b2522acdcd66c4a403bb9f11cc70923ebe5276dba187a29b31d9b78ff8834b5b
assets/minecraft/textures/particle/sga_o.png,8,8,61c28d43667f4a6065b188d888217b1ca65a05ef6411d1d533ab913f04054d49
assets/minecraft/textures/particle/sga_p.png,8,8,62d0aa71aeaff588cfb083e77b448056d2de01415cf26a33c9e7b4f0d30a7d22
assets/minecraft/textures/particle/sga_q.png,8,8,e37eaa8abc07fcf52a9bd7a58e21c13a5f8cd269af4c5181c2849ea832161960
assets/minecraft/textures/particle/sga_r.png,8,8,22b6613688ba502f95db0406e268ac9c01e8ffbc6b12ab9019b6e10da9784c07
assets/minecraft/textures/particle/sga_s.png,8,8,23ee01c5514cb555174e8a20321900b9e0e56eeddc1175c2337000ab0e44ee8f
assets/minecraft/textures/particle/sga_t.png,8,8,c2716ef5712184dbe72fb96a30641eff5e54576fddb208c1d53b1859c69f437b
assets/minecraft/textures/particle/sga_u.png,8,8,195213c5bd6bb5813eb230f23e00f81654715a8f752167a1cb2913c481755f4c
assets/minecraft/textures/particle/sga_v.png,8,8,658d82b03f3d3cd336cb16445c37a2a71159d7fac57064b5e75a652a65b81e7e
assets/minecraft/textures/particle/sga_w.png,8,8,4e68e656115d1d1d5ec2e0cce8650bd59f105df03b4713e053b684fb826dfdc3
assets/minecraft/textures/particle/sga_x.png,8,8,9f04170350f14dad95e2ed5270b5f0fb491796c15413b2c826879882b2660737
assets/minecraft/textures/particle/sga_y.png,8,8,319423b2fbebced9f93a9356e64255defea595f885f8c321951641c2ce093bf9
assets/minecraft/textures/particle/sga_z.png,8,8,c58b4b30a181af72afc3b025697de9823441e643ab6f8b191127006cdbe1efad
assets/minecraft/textures/particle/shriek.png,13,13,8b22b91d33965553340945516fea1eed14189e6c65e2b41ea40bfd89fa7ca1f3
assets/minecraft/textures/particle/sonic_boom_0.png,32,32,abc938afbe6d05eaf23aa3bdb388cb1ec0c3bb473638276feab95050884a4d40
assets/minecraft/textures/particle/sonic_boom_1.png,32,32,8457eef7f8252edcc3a9681d0609f8e5f09551cd7b47e5bfbaefca701880fbad
assets/minecraft/textures/particle/sonic_boom_10.png,32,32,0b30aaad6fbdaeec1ca0207dbf632d4640a0efbd12abd97689613175978a2d6c
assets/minecraft/textures/particle/sonic_boom_11.png,32,32,89f61d06efb917ed23335e88d0b0d8e024291962d89857daddf91f699665f019
assets/minecraft/textures/particle/sonic_boom_12.png,32,32,bdac912d24f06618e02c7231deaee012b1ff92cea2a9e790397951d9d1015f9a
assets/minecraft/textures/particle/sonic_boom_13.png,32,32,af8e3ea18d9e1f8ca39c22ae67060ee031287eb71be61207a098e997eb5636ce
assets/minecraft/textures/particle/sonic_boom_14.png,32,32,ca8297b61f037c1b823991af73ed0859479b897b95b682443eb15aa0a03c1eb6
assets/minecraft/textures/particle/sonic_boom_15.png,32,32,81ceac80356794e77ecbb9a3560ff828bf07313d6fef1433d0ac655b8dbe4ce7
assets/minecraft/textures/particle/sonic_boom_2.png,32,32,6ac595a42c5ab335de0aec8715b1a2ec3e3272d7ca1aed13dfd2c25a3cb4adf7
assets/minecraft/textures/particle/sonic_boom_3.png,32,32,cdbefeb3bb28550ee2d37c2591f1492767f774497b2f9a1abf7a86425ec2d9c5
assets/minecraft/textures/particle/sonic_boom_4.png,32,32,0dcf3f4b0fb2f7056f040d34765cac179101923fd46c090b053be527c32227cb
assets/minecraft/textures/particle/sonic_boom_5.png,32,32,f633aad55948fd816c567c54d05f91a48c348eb720f6ac4cc1c4f8c86ee6fd42
assets/minecraft/textures/particle/sonic_boom_6.png,32,32,c1a0436550e940ce8dcb40dbf850a4b8c4bfbff292e45f8c1fa7dae15c7ece93
assets/minecraft/textures/particle/sonic_boom_7.png,32,32,7f7fc96328d031de4e0af2373bbc9f0117a275ada1c4360f76d61bbf86d171d3
assets/minecraft/textures/particle/sonic_boom_8.png,32,32,191520268c536bbb8545e6b73ae9684dc46e61e0b53e132c907fbed9767c7ebc
assets/minecraft/textures/particle/sonic_boom_9.png,32,32,b27d17201f081b1f62accccd20475c8ce19f4e8914843a9c3279016e3399d6e0
assets/minecraft/textures/particle/soul_0.png,16,16,f45a0d1300175e07f63fb88154ef8af858b5ffc3543649e8f7ff1ef0810eb9ef
assets/minecraft/textures/particle/soul_1.png,16,16,15a1451fe915b2dc100212faabddb89a3641539b67e9ef38eaf0ae671688f1c0
assets/minecraft/textures/particle/soul_10.png,16,16,ffa38eca0f815397db15b6599e4cc181ea2120e59eb040517a1f189e03ba77e1
assets/minecraft/textures/particle/soul_2.png,16,16,b145e220a43bb9b3c80d6b199be916ee058113cc16af94d0fb2228f918c1c062
assets/minecraft/textures/particle/soul_3.png,16,16,1c9b4caf8afb54fdbfec8e134203500560752880830dd68fd211eecb3da703a8
assets/minecraft/textures/particle/soul_4.png,16,16,9db6c6d4f7459d95a4e20455e834df7afdb25e870c35af0e954f02668b003890
assets/minecraft/textures/particle/soul_5.png,16,16,89f0451036dcdc23222103b998668f1c14a88a05b11a4769a01d710119af1bcd
assets/minecraft/textures/particle/soul_6.png,16,16,aae803df70a61e7a961e57d133225897b87e550cc3c1039f2a7e25c4ca4f5d5e
assets/minecraft/textures/particle/soul_7.png,16,16,4ac4145209c67de3036fdef2ab83758ed3b8c98bb0bb9d1380e2d30cf86c293c
assets/minecraft/textures/particle/soul_8.png,16,16,2f0ee0e18e9128cbb124a0f11cca9f6845f75d970fb6aaa4b4ee946c9724ac99
assets/minecraft/textures/particle/soul_9.png,16,16,f8480e9fbce6dcd2c07b98f2b7b9dc319ed07be91caa80ad675d1f25ae1c356f
assets/minecraft/textures/particle/soul_fire_flame.png,8,8,e5eb0f6508ed5dee56df19da63ace387b43abd118fff33e92ec3c94dff0fbd72
assets/minecraft/textures/particle/spark_0.png,8,8,d9c5e2a40b8c6fadee2037713a536ff82214e52b02384a5b38b890eddef539a0
assets/minecraft/textures/particle/spark_1.png,8,8,b69253471906f5adb443b724d89579d34a46fc2c5dd37c1ad1146e2ae8ca9bb1
assets/minecraft/textures/particle/spark_2.png,8,8,2ebcaa2486b0de8f4fef2caf7400deb5f61e5d6aba430716538d92275f507192
assets/minecraft/textures/particle/spark_3.png,8,8,336bbd8bf661eb032917113e9dbf0ac04653aef202a5b397d5df15f7feb3b460
assets/minecraft/textures/particle/spark_4.png,8,8,cf9ab0778ff604422b3f6663d66afff001dbf75c453c58bb773a6004af381ff6
assets/minecraft/textures/particle/spark_5.png,8,8,aaa694f62b5474cf8001692b567270b3a6f860c41acb5242e3e95cab154326c6
assets/minecraft/textures/particle/spark_6.png,8,8,e6dd439db2474db73a3d6dc5a1496af033e1058f02b0d8738205c469c505d9b9
assets/minecraft/textures/particle/spark_7.png,8,8,aaa694f62b5474cf8001692b567270b3a6f860c41acb5242e3e95cab154326c6
assets/minecraft/textures/particle/spell_0.png,8,8,d9c5e2a40b8c6fadee2037713a536ff82214e52b02384a5b38b890eddef539a0
assets/minecraft/textures/particle/spell_1.png,8,8,9c766cd39ec5a2e4b74ef1f828fdd87439e9ef64b1776c5ac30ec2134c9d5279
assets/minecraft/textures/particle/spell_2.png,8,8,deeb534a177b53f17ae8dc3172030544e6ef1ca009bb6722d3b2d3f866b40ca5
assets/minecraft/textures/particle/spell_3.png,8,8,1c5657bc4a1c75ec57aa88b464720b00152cd2f7895fceed3a4ceee432338da0
assets/minecraft/textures/particle/spell_4.png,8,8,b83c7fb13fd8a5ba7883f852e5983760722b2b11b870986f77d52edbd624d0bd
assets/minecraft/textures/particle/spell_5.png,8,8,b83c7fb13fd8a5ba7883f852e5983760722b2b11b870986f77d52edbd624d0bd
assets/minecraft/textures/particle/spell_6.png,8,8,b83c7fb13fd8a5ba7883f852e5983760722b2b11b870986f77d52edbd624d0bd
assets/minecraft/textures/particle/spell_7.png,8,8,b83c7fb13fd8a5ba7883f852e5983760722b2b11b870986f77d52edbd624d0bd
assets/minecraft/textures/particle/splash_0.png,8,8,278f06a80bdd6aa86659edc92b8fd256249a54f8d3b97f1d4390d5ea817f4452
assets/minecraft/textures/particle/splash_1.png,8,8,b82039bd2eb17bba75497ede3c7ae61a986b0ded37ac2c82e2415a8e1e9a920d
assets/minecraft/textures/particle/splash_2.png,8,8,0b31a9c4159692924fd80e66f864d23128775993fef3b483c6558fed5585963a
assets/minecraft/textures/particle/splash_3.png,8,8,c40ddeefdbfa890fce87b8a6830a4993212bfb9b00b8b4ed0dcbc60a676cd05c
assets/minecraft/textures/particle/sweep_0.png,32,32,c92986d53e73129294237c1f5c196b864b22a8bef9c11c69d260ff00d4d90cd6
assets/minecraft/textures/particle/sweep_1.png,32,32,00341d430ee3b43234a399a2268db4d9a7769925f89a2e763fc487ea4577324f
assets/minecraft/textures/particle/sweep_2.png,32,32,fba8075878e102cf14a225adf20feddab996dd14f3f7511be2d5ef5a10d7e434
assets/minecraft/textures/particle/sweep_3.png,32,32,75bfe21bb348e758bd62af5cb9bd9ed32862e08618d7408deaaf246b6572c436
assets/minecraft/textures/particle/sweep_4.png,32,32,7b9ae08c761d46cf1757592fb35933f062e181cb3b7e505e1ea6d294f816c96c
assets/minecraft/textures/particle/sweep_5.png,32,32,6ce382d161c975093c1b2e50737277a24dec8654b88809047babca4ad1c9a24d
assets/minecraft/textures/particle/sweep_6.png,32,32,130491d254454c33c01a946ff2e11c78b0e17544aed22347fd325c818de53bd6
assets/minecraft/textures/particle/sweep_7.png,32,32,a56a395253815acb71ae5e517e90b5723fbcf332ec0dcd64da9f14aff5fdccdf
assets/minecraft/textures/particle/vibration.png,18,126,e5b6e3cc6b98693cb6b564471ba1867ae3e14cd2316b17bc51e2c56ec25b6b7d
assets/minecraft/textures/trims/color_palettes/amethyst.png,8,1,d125afae1d42d849d7ec00c2abd9b1a59db1f3b3f609b91babf3b537f0f3b06d
assets/minecraft/textures/trims/color_palettes/copper.png,8,1,57209047cdbdb8858f3fb862f51e2766392bb8e8c7f2cc84c1b4c1f0469923ec
assets/minecraft/textures/trims/color_palettes/diamond.png,8,1,179193e9d3fa7b86cf33e6b14e58c496cc2588c60904081c74588b31241d244e
assets/minecraft/textures/trims/color_palettes/diamond_darker.png,8,1,842957b75ae796cc9104c21df43bee8dcac789fc1fc424dbcc1a5f9cfae566ae
assets/minecraft/textures/trims/color_palettes/emerald.png,8,1,a81fac91b474b5dc25b1d64ae029e8873ed6b56c6653a4daa66b6460336c1689
assets/minecraft/textures/trims/color_palettes/gold.png,8,1,6f6e3b61c52c1b7bd98e429484a2b853fad31eadf6c7941bc13d402ea3f18182
assets/minecraft/textures/trims/color_palettes/gold_darker.png,8,1,b4bc78abea828293595e46812d537ae5f7246a40e15905b7fc58609a7d7c5a7a
assets/minecraft/textures/trims/color_palettes/iron.png,8,1,5d6e4a4ccb39b5b1d3fff43674299bd5a3ff3ab48550d03eaa22ccb99e4281d3
assets/minecraft/textures/trims/color_palettes/iron_darker.png,8,1,6ac8d2416439deeba1b09c39b7780ec54e663eab0c70c5e540ff4406e8244d41
assets/minecraft/textures/trims/color_palettes/lapis.png,8,1,c608fd279994693245e7c9105119a50f1c1421b55aa1f13f17885d104e4a8ad7
assets/minecraft/textures/trims/color_palettes/netherite.png,8,1,991ccfd9d286c29700e63bf9045618b69b9377336874693d77d66584a5916b1d
assets/minecraft/textures/trims/color_palettes/netherite_darker.png,8,1,b0012ead4a00a468acd4f02b783f4afd9bb8f4224468bb347aa4d197657b41f4
assets/minecraft/textures/trims/color_palettes/quartz.png,8,1,7a98bb1daf99a97d6388d14f0fca518dbc05e96a0555498c3a8a5b40c40e0426
assets/minecraft/textures/trims/color_palettes/redstone.png,8,1,37f27a7ecfb0379b655648ceda74de1012b3f8c093993aa42f89cb877bc29e7f
assets/minecraft/textures/trims/color_palettes/trim_palette.png,8,1,8d6b9ff85b11cf5edbc47449a3065fff39a958f74eca0f78f5ef38914d06af5a
assets/minecraft/textures/trims/items/boots_trim.png,16,16,dbd4412ccef75b1198f89673f91af91e1f38553153e605a069872d517a61f7f5
assets/minecraft/textures/trims/items/chestplate_trim.png,16,16,3fe7af89fdab35cd44462ab45c67ee8ae141a0ac7a8163a8d126c7d04e11fad9
assets/minecraft/textures/trims/items/helmet_trim.png,16,16,39298bbd23e049bd4e637e2954d4ffd85548e4ef7f0adf2b6ee71aa802d8a287
assets/minecraft/textures/trims/items/leggings_trim.png,16,16,9e90ef9e3f03d550dc5ea1e2f969489df463ce4e6967da808921393951bfb062
assets/minecraft/textures/trims/models/armor/coast.png,64,32,68c4986e3c57ce0e98aa26550e0b3a0774d096e15381130efe6d52b642256c41
assets/minecraft/textures/trims/models/armor/coast_leggings.png,64,32,58621b943d898573bb6b0173e7240a8a764ab8e21b5a2ef1c1973807222f40fa
assets/minecraft/textures/trims/models/armor/dune.png,64,32,b6580c93e8635aaed0527b71b7ba1329a147b289d4ef0d2a43445d157cdad2fc
assets/minecraft/textures/trims/models/armor/dune_leggings.png,64,32,c333f78bbcd251331eeec65c745be40064697b0fd7b1d2a24b08c375fe191a61
assets/minecraft/textures/trims/models/armor/eye.png,64,32,bc69ace7d9258440c921e75c51bb70c49d2c2358a05aaa25ffba17b097dbf067
assets/minecraft/textures/trims/models/armor/eye_leggings.png,64,32,deecf47328a6bed420f107f2903a5c3f8bbac87d6c7ead96f1a8e8e490881961
assets/minecraft/textures/trims/models/armor/host.png,64,32,f71a4dee74c2a56c44645408cb6800956240d512b906d328abff6f4f9c77358e
assets/minecraft/textures/trims/models/armor/host_leggings.png,64,32,c6dffe027a742116cca6f3699b8d3f782274603d4eb1538e3c99c33c716a0d9c
assets/minecraft/textures/trims/models/armor/raiser.png,64,32,a8f085bb4c8a1fdeae018ba37474063565aad69af13384d8904d9cd21cdfddac
assets/minecraft/textures/trims/models/armor/raiser_leggings.png,64,32,1d13505159e2798f6fda5e6382c5af13de81fb9ab1caf012884386953048d601
assets/minecraft/textures/trims/models/armor/rib.png,64,32,a8d145d393c4b3ed5d2f94fd0d3ee9e67e51eadfb88390bddd98221ac86c6fa4
assets/minecraft/textures/trims/models/armor/rib_leggings.png,64,32,4915fc9f8ccd47f6fe241ec3f8d05f293ccee399b50a7521fce8a04b70281ece
assets/minecraft/textures/trims/models/armor/sentry.png,64,32,5613446a969cd1a7f6dc097cb61a9290941c6d964fd0b341120169037c4ee252
assets/minecraft/textures/trims/models/armor/sentry_leggings.png,64,32,fc93144b9f686c0dc1473291cdb30d3982d3819794bebb27dcaa7856d231a2af
assets/minecraft/textures/trims/models/armor/shaper.png,64,32,a81cef173f8fcf2d46cf288acc2302987328afc3192776035db55cd3498ebe90
assets/minecraft/textures/trims/models/armor/shaper_leggings.png,64,32,cd17a140f0faaf670e5cd4d0ec99103ed7bc5c0c9a2d2ad441c8954c739e346d
assets/minecraft/textures/trims/models/armor/silence.png,64,32,324cefc8aa28b1d13579610a544070ead00eb4e59645c3e41caad6de917bbc41
assets/minecraft/textures/trims/models/armor/silence_leggings.png,64,32,20931a3f30bc476269ced0ab6f3fcb43972cf6774b67dd8a5ba5c1026b4764d2
assets/minecraft/textures/trims/models/armor/snout.png,64,32,2cd229b5f4be40875abb63de7c9701be70affc3827f3ea3d8289fce27fb48ce8
assets/minecraft/textures/trims/models/armor/snout_leggings.png,64,32,7e2dfde8e8f836ed4d3e92c731024dd4d3636e6191dc7007a4db82e516f7800f
assets/minecraft/textures/trims/models/armor/spire.png,64,32,0dbc10261c4c385756895a1c4d524616a83dc0cb97bc802f3756c71b887f03ae
assets/minecraft/textures/trims/models/armor/spire_leggings.png,64,32,cf63917b724473b14754ba20809a1410cf8dbdca3c46ed3d5a81b950fce81a91
assets/minecraft/textures/trims/models/armor/tide.png,64,32,3f78404e3be49d38e8f6621fd39891c041bb801f75e9ddc6c602f57d4b4b1499
assets/minecraft/textures/trims/models/armor/tide_leggings.png,64,32,0fd04cde21e29536712c918e009e7b4e81ae3180da90b9e5b8d2e948c04acec3
assets/minecraft/textures/trims/models/armor/vex.png,64,32,4471cc5b3a864b41496550502e36e39c69189413ac3e40f1df7c5fb3b757dea6
assets/minecraft/textures/trims/models/armor/vex_leggings.png,64,32,82df8e7b4ab40a8a498988b48cfed4798a6c6d85e9de603cc304acfd725120f6
assets/minecraft/textures/trims/models/armor/ward.png,64,32,150c1702b582a669abb5d6814fdf6fedf8d831967cc01ba5ef94a96d4e4c4f6f
assets/minecraft/textures/trims/models/armor/ward_leggings.png,64,32,f0332c69392b7d45b11c993291be28b0cbb762283e5c850f126a56507c7a65bf
assets/minecraft/textures/trims/models/armor/wayfinder.png,64,32,0cedc3a0fce47ae919566f50aed8104e4be258a61e559b2ae35d531e9e708ff8
assets/minecraft/textures/trims/models/armor/wayfinder_leggings.png,64,32,3c52ea2f9de99126fb72f3d6798f0ecde5f7cc748803410d8322d749f65862ec
assets/minecraft/textures/trims/models/armor/wild.png,64,32,725c868ae63d9e92234c216026945f6c14419da7b2248c03162d98301bc68bcd
assets/minecraft/textures/trims/models/armor/wild_leggings.png,64,32,e6e567951695fae207ef2288cbbb7849364bb66b9fdf5e4db913bfdcea1451f1
